Nome,UltimoNome,Email,Sexo,IpAcesso,idade,Nascimento
Abba,Dooly,adooly8r@technorati.com,Male,45.166.22.45,31,1992-10-19
Abbie,McDavid,amcdavid4z@wufoo.com,Female,252.101.153.189,40,1983-09-10
Abbie,Wyant,awyant6z@nih.gov,Female,124.252.154.232,25,1998-07-16
Abigale,Lowres,alowresbh@myspace.com,Female,62.59.198.237,23,2000-10-12
Abran,Minchella,aminchella9q@google.com.au,Male,28.236.105.89,40,1983-10-17
Addie,MacNeish,amacneishpd@bing.com,Male,140.109.137.139,31,1992-06-27
Adriana,Hedlestone,ahedlestone41@hao123.com,Female,73.155.164.235,28,1995-07-06
Adrianne,Preston,aprestondo@ucsd.edu,Female,223.117.223.165,33,1990-01-26
Agace,Forde,afordehh@mozilla.com,Female,77.0.114.81,35,1988-12-23
Agace,Halloway,ahallowaypu@boston.com,Female,13.102.98.170,39,1984-06-14
Agatha,Brightwell,abrightwellqk@kickstarter.com,Female,143.91.150.238,34,1989-03-17
Agna,Franiak,afraniak92@t-online.de,Female,18.233.40.152,22,2001-11-22
Agnella,Barlee,abarleedj@wikispaces.com,Female,217.128.111.125,25,1998-06-29
Agretha,Downse,adownsed4@mit.edu,Female,236.8.84.55,42,1981-06-19
Ailey,Djuricic,adjuricicmv@baidu.com,Female,102.93.209.127,42,1981-04-12
Aksel,Ronald,aronaldel@statcounter.com,Male,127.115.163.94,37,1986-12-09
Al,Feaveer,afeaveerew@aol.com,Male,246.99.61.128,20,2003-02-01
Albert,Forster,aforster9x@freewebs.com,Male,98.188.248.177,40,1983-02-21
Alberto,Abrahmovici,aabrahmovicigh@nsw.gov.au,Male,171.145.199.60,21,2002-03-07
Alden,Deschelle,adeschellemg@purevolume.com,Male,246.141.87.197,25,1998-04-24
Alexandra,Paynes,apaynesl6@statcounter.com,Female,25.133.172.140,20,2003-11-03
Alfie,Wasiela,awasielaj5@linkedin.com,Female,86.146.176.116,19,2004-07-27
Alia,Domanski,adomanski5a@51.la,Female,225.136.70.149,22,2001-06-17
Alika,Cunde,acundegl@timesonline.co.uk,Female,249.218.75.30,27,1996-08-27
Alisa,Scarlan,ascarlannx@tiny.cc,Female,34.92.49.158,38,1985-07-15
Alix,Antoniewicz,aantoniewicz23@blog.com,Female,68.230.104.12,42,1981-12-06
Alla,Ackroyd,aackroydpq@va.gov,Female,22.187.145.196,21,2002-05-13
Allx,Kort,akort1q@jugem.jp,Female,58.123.6.54,34,1989-08-22
Aloise,Fryatt,afryattk1@virginia.edu,Female,148.124.129.156,29,1994-05-19
Alonso,Curlis,acurlisp6@dion.ne.jp,Male,127.167.8.41,28,1995-07-31
Alonzo,Donaghie,adonaghien@wordpress.com,Male,29.245.53.197,23,2000-03-15
Alphard,Mereweather,amereweatherj4@nasa.gov,Male,142.97.154.42,20,2003-12-21
Alva,Folcarelli,afolcarellijy@dyndns.org,Male,172.112.12.7,29,1994-02-27
Alvin,Bettaney,abettaneyef@gizmodo.com,Male,39.58.30.213,39,1984-08-06
Alys,Bartoloma,abartolomal8@quantcast.com,Female,68.127.195.21,20,2003-12-23
Amabel,Thorneley,athorneley4f@discovery.com,Female,243.151.57.79,26,1997-03-06
Ambrosi,Chate,achatecz@jigsy.com,Male,43.39.155.129,40,1983-12-22
Ambrosio,Scamerdine,ascamerdineb2@studiopress.com,Male,18.148.3.252,20,2003-02-22
Amelina,Grist,agristn7@narod.ru,Female,44.83.75.198,34,1989-05-15
Anallise,Probate,aprobateal@epa.gov,Female,57.96.187.101,36,1987-04-28
Andre,Day,adayh4@smh.com.au,Male,64.6.119.20,26,1997-04-20
Andrea,Arbon,aarbonaf@opensource.org,Male,49.223.19.169,29,1994-03-06
Andrey,Bearward,abearwardph@ebay.com,Male,80.95.99.200,27,1996-02-07
Andriette,Braizier,abraizier87@dion.ne.jp,Female,218.188.184.8,39,1984-06-16
Angelica,Tweedy,atweedyop@imageshack.us,Female,71.155.218.219,42,1981-09-27
Angelique,Schulze,aschulzejl@mozilla.com,Female,241.98.5.53,25,1998-07-27
Annabelle,Risebrow,arisebrow83@amazon.com,Female,69.174.182.78,28,1995-01-14
Arch,Keems,akeemsqj@zdnet.com,Male,165.148.149.176,41,1982-09-27
Archie,Down,adown19@arstechnica.com,Male,72.36.133.248,19,2004-07-08
Ardine,Hanmore,ahanmorels@mysql.com,Female,65.213.188.119,34,1989-09-28
Ari,Brozek,abrozekjv@hao123.com,Male,97.149.41.11,27,1996-03-03
Arlan,Sandercroft,asandercroftr6@virginia.edu,Male,81.31.29.227,30,1993-01-19
Arleen,Conant,aconanthd@about.com,Female,228.148.234.112,21,2002-07-10
Arliene,Cuerdale,acuerdaler5@domainmarket.com,Female,140.192.210.26,27,1996-07-01
Arluene,Buxy,abuxyod@netlog.com,Female,156.0.217.46,37,1986-12-31
Armstrong,Peiro,apeirob3@chronoengine.com,Male,149.123.224.40,38,1985-12-04
Arnie,Ferrieri,aferrierigv@bizjournals.com,Male,101.56.151.154,26,1997-05-22
Arron,Crannell,acrannellhy@deviantart.com,Male,43.77.98.139,41,1982-07-25
Artie,Quiney,aquineyad@sphinn.com,Male,133.102.164.42,30,1993-05-26
Ashil,Kinkead,akinkead2m@slate.com,Female,197.67.199.143,36,1987-01-12
Ashley,Ould,aouldpw@eepurl.com,Female,207.184.19.241,26,1997-09-10
Ashlie,Gilvary,agilvarybl@paypal.com,Female,46.17.50.187,25,1998-03-29
Audrie,Roels,aroelsk5@xinhuanet.com,Female,28.237.27.254,26,1997-09-24
Augusta,Kiehl,akiehl4j@noaa.gov,Female,204.237.11.38,42,1981-10-15
Ave,Rathbourne,arathbourne81@mayoclinic.com,Male,200.182.26.100,40,1983-04-20
Ave,Glasson,aglassonn6@usgs.gov,Male,148.230.42.125,24,1999-01-28
Aveline,Godilington,agodilingtonnp@mozilla.com,Female,192.236.78.148,42,1981-05-18
Babb,Silversmid,bsilversmidix@scribd.com,Female,120.33.142.115,39,1984-06-11
Barbabas,Cagan,bcaganhg@oakley.com,Male,44.106.10.100,41,1982-05-08
Barbara-anne,Fernandez,bfernandez8h@marriott.com,Female,249.175.238.43,22,2001-07-12
Barbie,Gorbell,bgorbelljs@census.gov,Female,177.54.87.220,42,1981-11-19
Barnett,McGettrick,bmcgettrickgd@nationalgeographic.com,Male,75.98.72.253,28,1995-05-03
Barty,Windmill,bwindmillma@rakuten.co.jp,Male,21.151.240.157,26,1997-11-26
Bax,Marie,bmariejf@miitbeian.gov.cn,Male,183.2.133.84,37,1986-04-12
Baxter,Mattielli,bmattiellipi@amazonaws.com,Male,149.130.0.199,41,1982-12-09
Bayard,Blandamere,bblandamerejg@mashable.com,Male,86.16.62.93,26,1997-09-17
Beatrice,Celiz,bcelizj7@joomla.org,Female,179.239.99.250,39,1984-01-11
Beaufort,Towle,btowle54@youtube.com,Male,96.222.22.138,28,1995-12-31
Beck,Bartoszewicz,bbartoszewicz3u@sun.com,Male,90.146.63.10,38,1985-04-09
Becky,Chetwind,bchetwind6b@nature.com,Female,246.245.121.18,19,2004-03-31
Bellanca,Goscar,bgoscarpe@buzzfeed.com,Female,28.146.98.175,31,1992-11-23
Beltran,Jex,bjex9b@google.co.jp,Male,43.146.18.112,23,2000-07-19
Benedicta,Tommasi,btommasie7@samsung.com,Female,141.5.83.192,31,1992-07-03
Bennett,Sandiland,bsandilandbm@admin.ch,Male,235.139.108.56,19,2004-01-12
Benni,Burchett,bburchett9j@theglobeandmail.com,Female,113.55.17.48,42,1981-03-15
Benoite,Simonian,bsimonianqv@angelfire.com,Female,157.94.49.141,22,2001-09-10
Berkie,Stenners,bstennersre@bigcartel.com,Male,191.178.120.59,38,1985-01-29
Bernadina,Vaughton,bvaughton6d@odnoklassniki.ru,Female,90.205.62.183,41,1982-01-30
Bernadina,Duckering,bduckeringp1@marketwatch.com,Female,241.40.66.147,25,1998-06-11
Bertie,Cunnow,bcunnow4u@cbsnews.com,Female,183.147.129.142,28,1995-11-09
Bertie,Puvia,bpuviag1@over-blog.com,Female,9.211.215.69,34,1989-07-06
Bess,Kenion,bkenionh5@goo.ne.jp,Female,165.239.89.70,24,1999-12-21
Bethany,Gennings,bgennings1v@google.es,Female,214.250.145.30,37,1986-03-08
Bevin,Smee,bsmeedf@google.de,Male,187.94.83.6,25,1998-11-18
Biddie,MacBean,bmacbeangg@msn.com,Female,159.146.249.86,25,1998-05-04
Billy,Minihan,bminihanf5@t-online.de,Male,75.99.234.246,19,2004-06-15
Binnie,Dutchburn,bdutchburn3w@yellowpages.com,Female,183.37.238.195,31,1992-07-07
Binnie,Deeming,bdeemingg5@home.pl,Female,60.154.148.250,37,1986-09-22
Blithe,Smalles,bsmallesbf@youku.com,Female,59.92.128.205,32,1991-06-06
Blondell,Napier,bnapieroz@reddit.com,Female,48.67.136.111,40,1983-08-10
Bobbe,Dominique,bdominiquelx@usnews.com,Female,167.148.41.42,20,2003-09-11
Boonie,Gherardesci,bgherardescicv@fda.gov,Male,215.159.227.168,19,2004-06-28
Booth,Schriren,bschrirenap@zimbio.com,Male,224.41.148.67,20,2003-12-03
Bord,Fenty,bfenty6a@chron.com,Male,195.189.191.59,25,1998-11-10
Bordy,Mitie,bmitieh3@skyrock.com,Male,62.32.5.251,40,1983-06-03
Borg,Murty,bmurty6u@craigslist.org,Male,102.118.120.24,20,2003-11-18
Boris,Avrahamof,bavrahamof5i@clickbank.net,Male,59.221.214.168,32,1991-04-01
Bourke,Keatch,bkeatchpn@csmonitor.com,Male,156.107.100.4,25,1998-12-14
Boyce,Carss,bcarssj9@ucla.edu,Male,225.248.44.84,41,1982-04-17
Boyce,Dingate,bdingatent@icio.us,Male,113.70.69.177,35,1988-03-01
Brady,Wescott,bwescott27@mashable.com,Male,57.197.212.34,35,1988-03-25
Brand,Larway,blarway6w@bravesites.com,Male,208.125.226.51,21,2002-09-30
Brandi,Jeffers,bjeffers4i@ucoz.ru,Female,142.177.179.182,29,1994-12-27
Brandtr,Jerrams,bjerramsn8@accuweather.com,Male,90.73.41.61,42,1981-07-31
Brandy,Heeks,bheeksat@mozilla.org,Male,43.8.112.53,30,1993-08-24
Brannon,Daugherty,bdaugherty3o@disqus.com,Male,100.180.103.164,22,2001-06-18
Brendis,Speere,bspeereqz@t.co,Male,44.11.253.150,25,1998-04-30
Brennan,Cafferty,bcaffertymu@people.com.cn,Male,62.43.128.244,27,1996-06-08
Brett,Balint,bbalintk8@blogs.com,Male,106.185.248.101,29,1994-10-09
Briana,Pudge,bpudge7o@cbc.ca,Female,245.9.235.249,35,1988-03-22
Briggs,Wythill,bwythillj0@washingtonpost.com,Male,130.186.5.255,37,1986-10-14
Briggs,Swyn,bswynkj@dedecms.com,Male,153.202.132.198,23,2000-06-25
Briny,Addy,baddybx@ftc.gov,Female,6.77.149.83,32,1991-03-20
Britt,Smurfit,bsmurfit9t@mashable.com,Male,237.161.115.83,21,2002-07-13
Broderick,Halshaw,bhalshawl2@guardian.co.uk,Male,216.101.70.28,33,1990-08-22
Brooke,Scoggin,bscoggindb@hubpages.com,Male,82.207.165.153,28,1995-08-22
Brooks,Bugdale,bbugdale9y@mac.com,Female,189.213.0.88,28,1995-03-18
Bryna,Denniston,bdenniston2d@netvibes.com,Female,44.208.135.64,28,1995-12-21
Cad,Kennedy,ckennedym4@elpais.com,Male,159.202.134.20,19,2004-07-07
Callie,Pike,cpikelm@cmu.edu,Female,186.41.210.212,25,1998-08-11
Cally,Beale,cbealer3@facebook.com,Female,93.21.71.147,23,2000-12-07
Cammie,Corse,ccorse30@cdbaby.com,Female,64.34.58.212,23,2000-05-14
Candace,Wellings,cwellingsr4@twitpic.com,Female,11.30.189.54,37,1986-11-27
Carine,Sutch,csutchd0@arstechnica.com,Female,226.124.13.138,23,2000-05-07
Cariotta,Garrit,cgarritki@surveymonkey.com,Female,4.48.111.29,30,1993-11-29
Carlene,Minerdo,cminerdomk@businessweek.com,Female,4.211.16.106,38,1985-09-22
Carlye,Yeaman,cyeamanih@exblog.jp,Female,50.65.48.201,29,1994-04-05
Carmencita,Jirieck,cjirieck2w@qq.com,Female,90.108.238.170,30,1993-09-18
Carmine,Karpe,ckarper0@trellian.com,Male,169.104.159.19,22,2001-11-06
Carmita,Stern,cstern56@multiply.com,Female,33.209.68.223,19,2004-01-13
Carol-jean,Pennick,cpennick5n@cbc.ca,Female,61.50.54.25,39,1984-02-18
Carter,Martensen,cmartenseng6@infoseek.co.jp,Male,22.135.163.249,26,1997-01-30
Casey,Dogg,cdoggi7@bizjournals.com,Male,89.227.9.81,36,1987-01-31
Cassie,McArthur,cmcarthuriy@usnews.com,Male,99.40.11.54,39,1984-05-29
Cathe,Baggallay,cbaggallayrb@stumbleupon.com,Female,63.61.59.154,34,1989-04-27
Cathleen,Lutzmann,clutzmannau@google.cn,Female,216.13.69.151,28,1995-11-04
Cathlene,MacRedmond,cmacredmondqa@ning.com,Female,96.113.242.174,23,2000-09-14
Cati,Dantesia,cdantesia8t@seattletimes.com,Female,181.64.225.101,38,1985-08-24
Catie,Dunks,cdunks4v@facebook.com,Female,111.87.138.106,24,1999-02-22
Ceil,Brikner,cbriknergp@nyu.edu,Female,81.238.193.156,30,1993-10-31
Chaim,St Angel,cstangelb7@skype.com,Male,66.55.167.217,32,1991-12-23
Chariot,Corsor,ccorsoros@ask.com,Male,7.207.18.154,27,1996-12-22
Charline,Fellini,cfellini2v@bravesites.com,Female,2.142.176.117,28,1995-01-15
Charlton,Ruscoe,cruscoed8@mac.com,Male,42.141.30.121,40,1983-08-17
Charmian,Melling,cmelling13@mediafire.com,Female,108.67.244.111,42,1981-12-09
Charmine,Smeuin,csmeuin9i@eventbrite.com,Female,231.80.144.220,25,1998-11-03
Charmion,Asplin,casplin7k@odnoklassniki.ru,Female,162.213.87.19,22,2001-04-22
Charmion,Matkovic,cmatkovicf8@yellowpages.com,Female,24.163.234.102,37,1986-04-17
Cher,Redley,credley42@sohu.com,Female,254.55.48.19,20,2003-10-11
Cherie,Cornillot,ccornillot2c@ed.gov,Female,172.53.10.253,39,1984-05-12
Cherilyn,Laskey,claskeyh8@reference.com,Female,79.144.190.110,26,1997-03-28
Chester,Woollin,cwoollindt@berkeley.edu,Male,133.227.169.65,35,1988-04-16
Chickie,Bew,cbewjq@time.com,Female,114.144.178.83,27,1996-07-22
Chris,Hutt,chuttky@mtv.com,Male,36.23.62.167,29,1994-02-09
Chrisse,Cremins,ccreminspm@ycombinator.com,Male,242.143.43.203,39,1984-08-23
Chrissie,Arnaldi,carnaldimr@epa.gov,Female,123.60.101.38,19,2004-01-27
Chrissy,Brameld,cbrameld9f@illinois.edu,Female,118.208.1.146,29,1994-02-19
Christal,Millsap,cmillsap3e@latimes.com,Female,247.238.47.72,35,1988-05-02
Christean,Pudden,cpudden78@flickr.com,Female,52.141.196.69,32,1991-01-29
Christel,Glennie,cglennie2n@aboutads.info,Female,75.205.239.181,31,1992-04-30
Claiborn,Eastridge,ceastridge2@etsy.com,Male,155.223.175.52,24,1999-01-29
Claiborne,Penylton,cpenyltonl7@slideshare.net,Male,51.110.71.249,28,1995-03-10
Clarance,Lickorish,clickorishp0@state.gov,Male,96.161.228.69,36,1987-09-12
Claybourne,Ardern,cardern10@xing.com,Male,237.136.62.150,20,2003-01-10
Clem,Dann,cdannct@spotify.com,Male,197.108.138.12,42,1981-10-20
Clementine,Rudsdell,crudsdelldw@liveinternet.ru,Female,16.66.33.46,26,1997-11-15
Clemmie,Shakelade,cshakeladeqs@drupal.org,Male,31.206.39.138,21,2002-03-30
Cleve,Gaylard,cgaylard8d@typepad.com,Male,169.42.112.175,27,1996-05-10
Clifford,Turland,cturlandx@ted.com,Male,239.33.140.244,40,1983-11-29
Clywd,Perceval,cperceval2p@wunderground.com,Male,172.75.191.231,20,2003-09-11
Cody,Milley,cmilleyfh@ezinearticles.com,Female,55.95.22.87,33,1990-01-08
Colan,Boylund,cboylundq@friendfeed.com,Male,210.16.196.19,23,2000-12-15
Colette,Tolhurst,ctolhurst3z@nature.com,Female,146.157.163.68,33,1990-10-20
Colette,Bearman,cbearmandi@va.gov,Female,235.90.244.92,35,1988-11-16
Colette,Coxhead,ccoxheadmy@bloomberg.com,Female,73.105.251.201,21,2002-05-14
Conant,Squires,csquires1g@networkadvertising.org,Male,50.193.221.20,35,1988-07-29
Conn,Goodram,cgoodramiu@reverbnation.com,Male,205.215.35.93,39,1984-05-12
Coralyn,Fleckno,cfleckno6x@loc.gov,Female,39.239.133.51,29,1994-07-15
Corbet,Marcus,cmarcusny@twitter.com,Male,1.20.13.204,20,2003-03-17
Cordula,Caen,ccaenlo@webmd.com,Female,206.171.14.148,42,1981-11-28
Corilla,Derrington,cderrington77@wunderground.com,Female,83.121.45.85,21,2002-07-22
Cornie,Pilmore,cpilmoreqn@gmpg.org,Male,148.248.27.150,32,1991-08-11
Cory,Fearnall,cfearnallea@weebly.com,Female,56.252.66.94,22,2001-11-20
Cory,Iacomini,ciacominimn@flavors.me,Female,59.55.134.79,28,1995-10-27
Costanza,Prigmore,cprigmore21@ucoz.com,Female,164.68.25.89,23,2000-08-23
Costanza,Onele,coneleqb@pinterest.com,Female,61.4.162.83,28,1995-07-16
Crysta,Herley,cherley1m@reference.com,Female,140.240.250.155,27,1996-10-21
Crystie,Kellegher,ckellegherh2@eepurl.com,Female,183.240.76.8,30,1993-06-13
Cull,Wellstead,cwellsteadqr@altervista.org,Male,170.187.233.115,28,1995-05-26
Cullen,Gorey,cgorey8g@ameblo.jp,Male,143.213.101.60,27,1996-12-09
Curran,Phizackerly,cphizackerly39@xinhuanet.com,Male,167.171.59.61,26,1997-10-30
Curtis,Larenson,clarensonnv@addtoany.com,Male,137.193.50.115,29,1994-10-23
Cymbre,Catchpole,ccatchpolear@hao123.com,Female,240.92.25.46,19,2004-12-13
Cyndy,Skaif,cskaifkf@ft.com,Female,43.115.244.142,22,2001-05-17
Cyrillus,Stokoe,cstokoep@home.pl,Male,170.183.16.137,42,1981-06-22
Daile,Hatherill,dhatherilljr@scribd.com,Female,115.16.68.207,41,1982-12-26
Dana,Ashness,dashness2b@exblog.jp,Female,137.214.177.232,20,2003-05-05
Daniele,Rumming,drumming9e@printfriendly.com,Female,196.189.131.215,42,1981-04-27
Dannel,Hessel,dhesselm1@discovery.com,Male,175.136.113.205,20,2003-08-18
Dannel,Mityushkin,dmityushkino8@digg.com,Male,81.94.202.39,22,2001-04-27
Danya,Lampert,dlamperteb@miitbeian.gov.cn,Male,19.135.144.6,19,2004-04-07
Darcee,Tybalt,dtybaltp7@latimes.com,Female,88.110.239.76,31,1992-04-19
Darelle,Brimacombe,dbrimacombeev@army.mil,Female,74.70.165.25,38,1985-11-10
Darice,Kobu,dkobugb@howstuffworks.com,Female,227.191.226.71,33,1990-01-20
Darren,Meade,dmeadecg@nih.gov,Male,3.144.16.218,19,2004-12-21
Daryle,Bourcq,dbourcqa0@exblog.jp,Male,131.68.150.211,20,2003-10-14
Davida,Ellif,dellifpc@addthis.com,Female,226.70.63.119,33,1990-01-27
Davidson,Dusting,ddustingok@usa.gov,Male,85.105.235.171,40,1983-10-17
Davie,Betton,dbetton5q@tinypic.com,Male,21.41.38.18,25,1998-02-02
Davita,Clarson,dclarsonq3@addtoany.com,Female,20.200.239.195,23,2000-12-24
Deane,Leggin,dlegginhv@economist.com,Male,142.176.248.10,32,1991-05-13
Debera,Rhubottom,drhubottom3a@angelfire.com,Female,62.204.197.245,35,1988-08-14
Dedra,Peasee,dpeasee7j@eventbrite.com,Female,130.134.221.209,38,1985-08-14
Deeann,Samweyes,dsamweyes96@epa.gov,Female,244.74.229.114,25,1998-11-30
Deeann,Baskeyfield,dbaskeyfieldrj@com.com,Female,139.237.96.151,27,1996-05-15
Deina,Riatt,driattra@japanpost.jp,Female,208.170.27.65,20,2003-03-03
Delaney,Lay,dlayjo@netscape.com,Male,73.66.49.152,23,2000-05-21
Demetris,Youster,dyouster2j@ucoz.com,Male,117.179.137.62,25,1998-08-07
Dena,Demaine,ddemained3@elpais.com,Female,161.200.52.163,41,1982-06-26
Denis,Roze,drozemo@pbs.org,Male,230.237.169.177,42,1981-01-13
Denni,Walkowski,dwalkowskic5@unblog.fr,Female,76.166.208.42,38,1985-05-25
Denys,Guillon,dguillonjk@hc360.com,Female,59.73.130.23,39,1984-03-28
Derrick,Vasilchikov,dvasilchikov8c@sakura.ne.jp,Male,2.43.207.200,25,1998-12-18
Derry,Canete,dcanetekl@state.gov,Male,122.205.93.230,27,1996-10-04
Desi,Mosey,dmoseyfk@jugem.jp,Male,218.7.73.209,20,2003-11-21
Desiree,Hawkey,dhawkey3n@gov.uk,Female,109.59.87.166,34,1989-12-06
Desmund,Aiers,daiersi@webnode.com,Male,209.92.158.11,22,2001-09-12
Deva,Dunphy,ddunphyrc@comsenz.com,Female,234.230.86.232,19,2004-05-23
Devinne,Gorthy,dgorthy0@over-blog.com,Female,211.43.226.128,26,1997-02-16
Devora,Turton,dturton62@nytimes.com,Female,75.224.35.165,35,1988-04-09
Dian,Parham,dparhamh9@ameblo.jp,Female,88.17.100.43,24,1999-03-29
Diannne,Gainsburgh,dgainsburghee@mediafire.com,Female,215.248.145.32,41,1982-03-16
Dillie,Lars,dlarsdx@about.me,Male,191.105.133.218,36,1987-09-18
Dodi,Willowby,dwillowbyey@issuu.com,Female,93.205.92.54,20,2003-12-29
Dolorita,Leeuwerink,dleeuwerinkqi@ft.com,Female,238.12.90.76,30,1993-02-11
Dominga,Slay,dslay1u@newyorker.com,Female,82.66.44.111,22,2001-12-30
Dominic,Brimelow,dbrimelowcb@lulu.com,Male,199.28.125.241,35,1988-07-23
Dominica,Phare,dphareoh@comcast.net,Female,116.41.169.23,40,1983-12-24
Donavon,Chape,dchape1i@huffingtonpost.com,Male,250.119.205.92,39,1984-06-24
Donavon,Zuenelli,dzuenelli5v@behance.net,Male,254.57.111.243,39,1984-06-01
Doralyn,Stanway,dstanwaypj@about.com,Female,74.69.232.223,39,1984-06-25
Doralynn,Van Velden,dvanveldennb@arstechnica.com,Female,48.121.61.210,28,1995-08-26
Doralynne,Arton,darton14@ameblo.jp,Female,112.31.212.70,30,1993-03-09
Dorena,Bemlott,dbemlott6@dedecms.com,Female,73.180.144.89,26,1997-09-23
Dorey,Dreye,ddreye46@mapquest.com,Male,113.161.137.164,30,1993-03-22
Dori,Sweetenham,dsweetenhamgc@slate.com,Female,198.26.119.254,22,2001-10-12
Dorrie,Ropars,dropars74@jalbum.net,Female,227.15.58.193,26,1997-05-12
Dougy,Morgans,dmorgansk@ucsd.edu,Male,179.168.66.247,27,1996-08-07
Drucy,Harnetty,dharnetty5e@yellowbook.com,Female,137.30.191.210,26,1997-10-23
Dud,Vear,dvearns@cam.ac.uk,Male,184.71.243.83,42,1981-07-18
Dudley,Brunroth,dbrunrothgz@gnu.org,Male,143.133.110.81,35,1988-09-25
Duffie,Dederick,ddederickh7@vinaora.com,Male,191.230.229.6,27,1996-03-09
Dukey,Strafen,dstrafenex@liveinternet.ru,Male,61.140.91.187,26,1997-08-24
Dulcia,Stoven,dstovenmh@miitbeian.gov.cn,Female,66.75.137.0,20,2003-03-01
Durand,Huff,dhuffmz@reuters.com,Male,132.240.112.219,25,1998-12-18
Dwayne,Hayer,dhayerqu@nsw.gov.au,Male,211.195.243.55,20,2003-08-15
Eadmund,Dober,edober7t@washingtonpost.com,Male,14.133.4.51,29,1994-04-21
Easter,Sharpe,esharpekn@deviantart.com,Female,19.50.65.172,34,1989-11-17
Ebenezer,Everex,eeverex2h@lulu.com,Male,15.223.165.82,37,1986-08-24
Edie,Gunn,egunn12@miibeian.gov.cn,Female,143.112.137.20,27,1996-03-30
Edith,Dunne,edunne5d@zdnet.com,Female,226.249.249.134,27,1996-04-28
Editha,Holby,eholbyao@live.com,Female,167.234.133.234,35,1988-08-14
Elaina,Andryszczak,eandryszczak4b@nature.com,Female,227.1.17.158,26,1997-02-02
Eldin,Opie,eopien5@theatlantic.com,Male,43.107.43.160,25,1998-05-27
Electra,Daniells,edaniellsqg@quantcast.com,Female,17.48.12.216,35,1988-01-14
Elena,Bilofsky,ebilofsky5h@meetup.com,Female,215.0.4.96,31,1992-11-29
Elfreda,O'Reilly,eoreillyk7@e-recht24.de,Female,104.166.242.10,19,2004-10-01
Eli,Cunnow,ecunnowj@mediafire.com,Male,112.215.54.233,36,1987-08-25
Elisa,Goodale,egoodalep8@unesco.org,Female,113.55.146.46,36,1987-02-11
Elisabet,Gatherell,egatherella@java.com,Female,131.97.133.205,38,1985-08-18
Ella,Creek,ecreek24@technorati.com,Female,188.145.179.7,31,1992-11-15
Ella,Kattenhorn,ekattenhorn4x@epa.gov,Female,84.111.221.19,32,1991-01-12
Ellis,Charlon,echarlon7l@cocolog-nifty.com,Male,10.228.220.69,41,1982-08-28
Ellissa,Blofeld,eblofeldml@huffingtonpost.com,Female,109.212.111.15,32,1991-11-30
Elly,Braven,ebraveno2@so-net.ne.jp,Female,42.226.180.220,35,1988-10-23
Elly,Simakov,esimakovrf@symantec.com,Female,171.16.109.16,28,1995-05-31
Elmer,Brunn,ebrunn9l@seesaa.net,Male,237.101.25.47,31,1992-06-13
Eloisa,Raeside,eraesidehc@chronoengine.com,Female,163.199.208.41,20,2003-10-06
Elsbeth,Thew,ethewu@homestead.com,Female,23.113.34.119,35,1988-09-16
Elsy,Leivesley,eleivesley2s@fastcompany.com,Female,169.30.195.85,24,1999-06-06
Elvis,Bingham,ebinghamrm@webs.com,Male,106.27.243.146,34,1989-04-14
Emelen,Tordiffe,etordiffeje@friendfeed.com,Male,107.30.66.25,32,1991-12-14
Emery,Roke,erokelh@booking.com,Male,116.244.153.132,29,1994-04-22
Emilia,Leggitt,eleggitt8m@washington.edu,Female,75.195.196.39,40,1983-08-07
Emilio,McGriele,emcgrieleez@patch.com,Male,105.194.143.55,37,1986-03-29
Emmanuel,Pavier,epavierrn@addtoany.com,Male,196.144.29.219,41,1982-12-11
Emmi,Graver,egravermj@de.vu,Female,137.201.82.146,40,1983-12-02
Enrique,Sheardown,esheardownji@scribd.com,Male,63.114.61.10,27,1996-01-28
Ephraim,Bulteel,ebulteelq5@reference.com,Male,243.222.129.17,40,1983-07-09
Eran,Vankin,evankinif@yellowbook.com,Female,194.211.96.146,29,1994-08-28
Erie,Collocott,ecollocottcd@state.gov,Male,12.178.75.54,19,2004-04-21
Ermengarde,Dennerley,edennerleyko@merriam-webster.com,Female,55.182.186.151,39,1984-04-26
Ernesta,Beyn,ebeyncw@istockphoto.com,Female,13.230.17.122,39,1984-11-14
Ernie,Wayt,ewaytdp@barnesandnoble.com,Male,173.203.39.39,35,1988-11-17
Eryn,Rackam,erackamlq@disqus.com,Female,53.3.237.234,40,1983-03-17
Esta,Srutton,esruttonkq@zimbio.com,Female,190.110.40.182,29,1994-12-10
Etti,Kingsnod,ekingsnodfy@technorati.com,Female,237.232.17.176,32,1991-11-20
Ettore,Andrag,eandrag3q@i2i.jp,Male,219.229.65.64,24,1999-03-10
Eugine,Biasi,ebiasifb@slashdot.org,Female,40.181.212.87,23,2000-08-03
Evangelin,Saile,esaile4a@reference.com,Female,162.49.96.7,24,1999-02-07
Ewen,Reinbech,ereinbechpg@google.com.au,Male,231.248.87.47,23,2000-08-23
Ezechiel,Knowling,eknowling7z@pen.io,Male,14.194.242.227,26,1997-05-17
Ezechiel,Croucher,ecroucherg9@mashable.com,Male,197.91.217.179,30,1993-02-03
Fae,Adami,fadamif4@last.fm,Female,118.79.193.31,40,1983-08-24
Fanny,Guslon,fguslonrd@fastcompany.com,Female,113.79.175.200,26,1997-01-17
Fawn,Broad,fbroad5j@archive.org,Female,58.68.208.175,38,1985-09-24
Fax,Pollok,fpollokd@chicagotribune.com,Male,134.109.10.219,42,1981-09-15
Felicio,Sabberton,fsabberton7b@google.com.hk,Male,12.103.155.85,42,1981-08-26
Felicity,Mahomet,fmahomet1n@netscape.com,Female,144.99.215.4,20,2003-04-14
Felicle,Attenbrow,fattenbrowfz@tamu.edu,Female,182.141.45.140,37,1986-05-29
Feodor,Doge,fdoge8y@cloudflare.com,Male,90.146.17.48,41,1982-05-09
Ferris,Everist,feverist9v@w3.org,Male,254.134.139.215,32,1991-12-28
Ferris,Marcinkowski,fmarcinkowskic0@mozilla.com,Male,46.179.166.96,31,1992-01-01
Fielding,Di Napoli,fdinapoli5c@mlb.com,Male,54.28.96.115,35,1988-05-13
Filippo,Gansbuhler,fgansbuhlerfv@privacy.gov.au,Male,235.146.128.131,41,1982-02-22
Filippo,Vollam,fvollamn1@g.co,Male,0.168.126.102,36,1987-11-29
Finn,Eilhermann,feilhermann8s@comsenz.com,Male,171.155.16.50,20,2003-03-30
Fionna,Blaker,fblakerbo@wsj.com,Female,163.97.185.214,37,1986-03-07
Flem,Ganter,fganternu@craigslist.org,Male,235.171.160.210,32,1991-12-14
Florina,Babidge,fbabidge72@digg.com,Female,52.46.84.217,25,1998-02-14
Flynn,Zanolli,fzanollich@artisteer.com,Male,215.55.96.103,24,1999-08-14
Francyne,Petrashov,fpetrashova7@cmu.edu,Female,231.209.161.105,25,1998-03-08
Fransisco,Yakuntsov,fyakuntsovl0@dion.ne.jp,Male,131.255.148.205,20,2003-12-12
Frasco,Knapper,fknappermm@google.it,Male,212.137.160.97,36,1987-03-24
Fredek,Scholler,fscholler9s@nih.gov,Male,233.189.3.37,32,1991-07-20
Fredia,Drissell,fdrissellgt@storify.com,Female,172.140.194.196,32,1991-10-30
Fredrika,Blackmuir,fblackmuirmf@senate.gov,Female,142.17.106.138,29,1994-12-29
Freeman,Halvorsen,fhalvorsen8@elpais.com,Male,10.238.235.223,40,1983-02-01
Fremont,Morecombe,fmorecombefm@furl.net,Male,232.9.170.249,41,1982-10-07
Gabriele,Shorten,gshorten4y@nyu.edu,Male,133.32.168.88,42,1981-09-27
Gabriell,Rubinowitz,grubinowitzdl@wp.com,Female,3.170.91.20,19,2004-09-29
Gabriella,Emmet,gemmet3c@howstuffworks.com,Female,248.22.13.58,22,2001-05-11
Gabriello,Friese,gfriese6o@prlog.org,Male,88.115.55.98,33,1990-12-03
Gaile,Cicchelli,gcicchelli8a@reuters.com,Male,12.172.133.114,29,1994-01-24
Gale,Panchen,gpanchenan@pagesperso-orange.fr,Female,207.250.146.142,24,1999-07-08
Gallagher,Smout,gsmouto@nytimes.com,Male,151.180.180.11,22,2001-07-24
Galven,Faulds,gfaulds2o@cam.ac.uk,Male,45.130.139.183,23,2000-02-12
Galven,Vaneev,gvaneev2q@soup.io,Male,57.219.206.191,26,1997-02-08
Garald,Rego,gregofg@friendfeed.com,Male,89.136.36.49,27,1996-06-01
Garner,Whinney,gwhinney47@indiatimes.com,Male,206.221.155.146,31,1992-04-25
Garrott,Dennistoun,gdennistounq9@mysql.com,Male,41.141.163.83,42,1981-07-04
Gaston,Tresvina,gtresvinaa6@sciencedirect.com,Male,123.55.58.111,26,1997-08-10
Gawain,Matusovsky,gmatusovsky6r@imgur.com,Male,203.140.178.255,30,1993-09-19
Gena,Varcoe,gvarcoe1f@blinklist.com,Female,160.251.42.171,36,1987-11-04
Genevieve,Anten,gantenkg@marriott.com,Female,245.19.84.170,34,1989-02-21
Genovera,Whitebrook,gwhitebrook1s@globo.com,Female,160.2.64.78,38,1985-04-16
Georas,Canlin,gcanlinm2@huffingtonpost.com,Male,115.177.104.153,25,1998-04-11
Georgeanna,Butcher,gbutchergo@huffingtonpost.com,Female,159.127.240.36,24,1999-05-16
Georgette,Trustram,gtrustramcy@constantcontact.com,Female,43.68.11.55,39,1984-09-05
Georgianne,Nixon,gnixon34@psu.edu,Female,181.186.85.89,26,1997-07-02
Georgine,Childrens,gchildrens53@t.co,Female,167.27.192.214,28,1995-10-18
Geri,Boniface,gbonifaceja@npr.org,Male,141.91.225.101,21,2002-01-12
Gerry,Goulston,ggoulstoniw@ezinearticles.com,Male,234.254.133.39,20,2003-01-21
Gerti,Kimbling,gkimblingb@webnode.com,Female,53.138.242.162,39,1984-08-21
Gerti,Shenfisch,gshenfisch90@samsung.com,Female,172.213.249.186,38,1985-05-12
Gertrude,Beeswing,gbeeswinggf@sfgate.com,Female,53.162.159.71,36,1987-06-16
Gertrudis,Dunn,gdunnhf@sfgate.com,Female,118.153.200.231,25,1998-07-09
Giacomo,Garrad,ggarrad1w@disqus.com,Male,231.122.193.131,34,1989-02-08
Giffy,Ionn,gionnlk@dagondesign.com,Male,236.80.72.61,22,2001-09-02
Gilbert,Gwalter,ggwalteraj@livejournal.com,Male,13.204.141.251,28,1995-11-22
Gilles,Gutman,ggutmanfp@deliciousdays.com,Male,72.135.83.220,40,1983-07-22
Ginger,Lammerding,glammerdingl1@usa.gov,Male,25.167.149.79,31,1992-09-28
Giordano,Brennand,gbrennandaa@ask.com,Male,110.37.177.13,28,1995-10-05
Giorgio,Ledgeway,gledgewayfw@java.com,Male,149.189.48.146,30,1993-05-18
Giovanna,Stebbing,gstebbingks@biglobe.ne.jp,Female,134.114.101.235,42,1981-10-01
Gizela,Churly,gchurlypx@wsj.com,Female,124.233.158.59,32,1991-05-22
Glen,Huffa,ghuffai0@sciencedirect.com,Female,24.25.182.223,37,1986-02-21
Glenn,Strutton,gstrutton7s@squidoo.com,Male,57.185.47.97,39,1984-10-16
Glyn,Dominichetti,gdominichetti85@google.com.br,Male,125.156.90.33,29,1994-08-05
Glynis,Willimot,gwillimotda@weather.com,Female,205.17.30.42,33,1990-08-12
Goddart,Fitzjohn,gfitzjohnj3@apple.com,Male,105.145.252.68,32,1991-11-09
Gordie,Clint,gclint1l@mit.edu,Male,196.32.160.157,35,1988-02-12
Gradey,Nottle,gnottle5t@wp.com,Male,227.49.33.39,26,1997-12-06
Gran,Woodvine,gwoodvinepf@nyu.edu,Male,35.104.189.25,40,1983-09-09
Granny,McCourtie,gmccourtie7g@hao123.com,Male,86.89.64.16,26,1997-05-14
Grata,Samsin,gsamsin4t@ow.ly,Female,179.237.37.195,20,2003-12-23
Grata,Peniello,gpenielloc7@patch.com,Female,245.166.75.144,33,1990-05-10
Gray,Matula,gmatula2u@mysql.com,Female,222.7.216.88,26,1997-11-16
Gregor,Simounet,gsimounetle@yahoo.com,Male,197.244.182.83,34,1989-12-15
Gregor,Deaconson,gdeaconsonr2@feedburner.com,Male,66.54.245.149,38,1985-03-29
Gregorio,Dabnor,gdabnor3@toplist.cz,Male,102.98.68.20,26,1997-12-24
Griff,Tilio,gtilionm@bluehost.com,Male,35.24.20.150,39,1984-05-15
Griffie,Edkins,gedkinsr@dagondesign.com,Male,48.196.51.181,37,1986-09-01
Griffith,Mattack,gmattackl3@google.com,Male,40.143.82.150,19,2004-02-06
Grissel,Madge,gmadge5f@tinyurl.com,Female,168.175.195.115,27,1996-08-22
Guillaume,Youson,gyouson94@biblegateway.com,Male,190.249.231.142,42,1981-03-27
Guinna,Acland,gaclandhj@webmd.com,Female,254.89.95.242,30,1993-11-16
Gunner,Cox,gcoxkp@studiopress.com,Male,197.84.58.157,33,1990-05-25
Gustaf,Eberz,geberzeg@washingtonpost.com,Male,225.78.89.80,42,1981-06-02
Guthrie,Ducaen,gducaenf7@wikipedia.org,Male,56.5.241.48,26,1997-05-24
Guy,Tie,gtie4m@qq.com,Male,231.169.138.34,19,2004-01-16
Hadleigh,Vasse,hvasse69@nyu.edu,Male,168.90.90.207,21,2002-09-19
Hailee,Otridge,hotridgenr@reverbnation.com,Female,236.220.96.152,27,1996-02-12
Hallsy,Bark,hbarkms@nature.com,Male,79.50.227.62,25,1998-10-01
Hamish,Bonn,hbonnpy@huffingtonpost.com,Male,255.168.9.179,42,1981-04-30
Hanna,Laurencot,hlaurencotk6@youtu.be,Female,38.250.74.246,40,1983-07-16
Harmon,Albrook,halbrookio@theguardian.com,Male,108.213.245.16,20,2003-02-03
Harriette,Conquest,hconquestk4@hao123.com,Female,81.11.50.125,42,1981-01-23
Harriot,Edess,hedessjp@usda.gov,Female,73.19.139.23,22,2001-11-07
Hashim,Roblett,hroblettgj@jalbum.net,Male,239.99.86.165,33,1990-12-21
Heddie,Solman,hsolman6e@china.com.cn,Female,4.68.116.0,33,1990-11-19
Helenka,Abramovicz,habramoviczfc@oracle.com,Female,196.183.7.186,22,2001-06-01
Helga,Dumper,hdumperj8@facebook.com,Female,245.133.132.86,35,1988-07-05
Helsa,Shergold,hshergolddr@ftc.gov,Female,194.249.39.19,37,1986-10-02
Helyn,Tremouille,htremouille4c@photobucket.com,Female,130.204.208.63,27,1996-12-13
Henderson,Lappine,hlappinei5@hibu.com,Male,62.139.7.116,35,1988-06-29
Henri,Clementet,hclementet4d@parallels.com,Male,204.109.233.176,31,1992-01-09
Henrie,Colombier,hcolombierjm@admin.ch,Female,191.233.149.156,29,1994-06-07
Henriette,Hanmore,hhanmorekh@japanpost.jp,Female,196.97.110.179,36,1987-11-21
Hercules,Richard,hrichardrl@mashable.com,Male,107.204.188.27,33,1990-02-08
Hermine,Clemoes,hclemoes9u@instagram.com,Female,146.93.3.242,28,1995-11-16
Hermine,Le Barre,hlebarre9w@fotki.com,Female,123.58.107.224,37,1986-03-27
Hermione,Voden,hvoden4n@dagondesign.com,Female,107.62.195.99,31,1992-12-21
Herschel,Asbery,hasbery2k@disqus.com,Male,164.167.73.109,30,1993-07-21
Hestia,Frigot,hfrigotf2@nydailynews.com,Female,60.117.122.202,40,1983-03-20
Hew,Mullenger,hmullenger1x@netscape.com,Male,222.183.71.92,27,1996-05-13
Hewie,Almond,halmond4k@google.com.hk,Male,235.192.88.37,41,1982-05-12
Hewitt,Rew,hrew5l@behance.net,Male,129.255.92.77,35,1988-11-07
Heywood,Dunlap,hdunlaphn@whitehouse.gov,Male,230.101.107.214,20,2003-04-04
Hobart,Cumming,hcummingd1@oaic.gov.au,Male,102.114.179.84,40,1983-09-11
Hollie,Rosling,hrosling8x@dot.gov,Female,96.212.48.185,33,1990-12-24
Horacio,Battany,hbattanyhz@sina.com.cn,Male,132.212.187.13,23,2000-03-10
Hort,Wickwarth,hwickwarth1o@ed.gov,Male,220.215.75.150,28,1995-04-25
Horten,Litherborough,hlitherboroughkt@springer.com,Male,190.128.143.160,21,2002-04-15
Howard,Hurdedge,hhurdedgeg@a8.net,Male,104.153.105.182,20,2003-06-19
Hubie,Kearey,hkearey59@yolasite.com,Male,150.144.82.123,21,2002-11-04
Humfrey,Cuseck,hcuseck25@slideshare.net,Male,153.162.195.101,27,1996-07-24
Humfrey,Nassi,hnassig4@google.es,Male,59.205.152.255,21,2002-10-21
Hurley,Kenington,hkeningtonbn@psu.edu,Male,145.227.30.65,32,1991-06-17
Husain,Baseggio,hbaseggio63@hibu.com,Male,251.6.134.2,27,1996-07-15
Husein,Tupling,htuplingbd@oracle.com,Male,10.232.138.33,39,1984-10-11
Ibrahim,Scannell,iscannell2f@cpanel.net,Male,9.165.136.125,42,1981-03-11
Ichabod,Schurig,ischurigh6@nasa.gov,Male,4.188.186.15,42,1981-02-15
Ilise,Gethin,igethinin@un.org,Female,203.225.128.247,37,1986-04-11
Inga,Leither,ileither3x@constantcontact.com,Female,91.224.131.81,27,1996-09-08
Ingamar,Burthom,iburthomfl@bloglovin.com,Male,155.241.89.98,24,1999-12-24
Inglis,Lindfors,ilindfors4@wunderground.com,Male,229.167.33.173,21,2002-06-02
Isabel,Crebott,icrebotte4@jugem.jp,Female,23.181.26.39,37,1986-11-28
Isador,D'Elia,idelia3p@discovery.com,Male,18.114.185.104,28,1995-09-12
Issy,Pursglove,ipursglovebj@xing.com,Female,185.193.8.88,39,1984-10-27
Ivie,Brezlaw,ibrezlawna@latimes.com,Female,199.194.159.239,26,1997-12-16
Ivory,Baldung,ibaldunggq@bloglovin.com,Female,97.15.19.89,29,1994-10-15
Jackie,Blewitt,jblewittes@nsw.gov.au,Female,55.44.42.15,21,2002-10-16
Jacquenetta,Mailes,jmailes8l@indiatimes.com,Female,133.28.96.224,39,1984-01-22
Jakie,Bing,jbinger@microsoft.com,Male,115.118.172.137,22,2001-10-23
Jameson,Deluca,jdeluca8i@acquirethisname.com,Male,175.30.88.124,25,1998-11-03
Jami,Weaben,jweabeng0@webeden.co.uk,Female,20.125.74.15,37,1986-01-01
Jamie,Snaddin,jsnaddin2z@ycombinator.com,Female,38.176.160.195,40,1983-09-16
Jan,Griffiths,jgriffithske@mayoclinic.com,Female,194.37.6.10,31,1992-08-15
Jane,Jeal,jjealas@opensource.org,Female,210.34.100.67,41,1982-07-16
Janek,Dewick,jdewickdd@phpbb.com,Male,219.163.16.39,28,1995-11-18
Janella,Rider,jrider5s@altervista.org,Female,137.83.164.251,35,1988-07-17
Janet,Colloff,jcolloff8z@dagondesign.com,Female,111.116.92.228,24,1999-03-12
Jarret,Stainburn,jstainburn4e@netscape.com,Male,95.165.57.17,32,1991-11-25
Jarret,MacAulay,jmacaulayhb@blogger.com,Male,5.198.204.143,25,1998-05-17
Jarvis,McOrkil,jmcorkilfa@google.ru,Male,31.22.43.45,40,1983-01-15
Jase,Frankiss,jfrankissmd@booking.com,Male,179.42.19.76,35,1988-09-24
Jasper,Jannings,jjanningsm0@g.co,Male,251.176.114.132,37,1986-06-17
Jasun,Kensit,jkensit7i@naver.com,Male,44.71.194.43,21,2002-01-19
Javier,O'Fearguise,jofearguise6l@theguardian.com,Male,74.79.87.117,32,1991-09-24
Jay,Castelijn,jcastelijnb4@newyorker.com,Male,231.242.26.152,41,1982-06-23
Jayme,Size,jsize67@google.fr,Female,199.244.120.195,40,1983-11-26
Jaymee,O' Mullane,jomullanemi@alexa.com,Female,180.234.108.74,37,1986-02-13
Jedidiah,Goldes,jgoldes2g@cbsnews.com,Male,43.147.110.60,26,1997-11-27
Jenilee,Dericot,jdericotds@apple.com,Female,178.208.120.187,38,1985-06-23
Jenni,Glyssanne,jglyssanne1a@mashable.com,Female,103.67.69.210,25,1998-11-13
Jerald,Hunnam,jhunnamlt@opensource.org,Male,145.22.23.182,35,1988-02-22
Jeramey,Addis,jaddish0@miibeian.gov.cn,Male,223.248.136.105,32,1991-07-25
Jere,Hackly,jhacklyk2@wisc.edu,Male,60.114.182.39,31,1992-08-07
Jermain,Sibary,jsibaryiz@squidoo.com,Male,90.28.1.114,34,1989-01-21
Jermaine,Cousin,jcousin35@freewebs.com,Female,176.187.10.40,40,1983-07-11
Jerrine,Fery,jfery1c@hugedomains.com,Female,216.229.68.179,23,2000-03-13
Jerrold,Rookesby,jrookesby8j@skyrock.com,Male,246.28.128.15,30,1993-12-25
Jerry,Place,jplaceff@wiley.com,Male,177.165.153.120,41,1982-04-18
Jerry,Dunckley,jdunckleyng@mapquest.com,Male,207.231.203.50,35,1988-09-01
Jessa,Stoneley,jstoneleyig@zdnet.com,Female,213.109.193.222,34,1989-11-17
Jessalyn,Hentzer,jhentzerhs@usgs.gov,Female,75.232.193.247,27,1996-12-30
Jody,Peppard,jpeppardoa@washingtonpost.com,Male,198.73.168.84,42,1981-02-23
Joelie,Brolly,jbrollym3@zimbio.com,Female,179.117.214.152,39,1984-11-21
Johnathan,Maxweell,jmaxweellab@examiner.com,Male,57.154.210.30,26,1997-11-27
Johnathan,Mansour,jmansournz@admin.ch,Male,101.156.145.178,23,2000-06-27
Johnny,Seneschal,jseneschalmt@skyrock.com,Male,158.158.156.229,37,1986-01-19
Joice,Napthine,jnapthinekw@webeden.co.uk,Female,81.204.122.27,34,1989-07-15
Jolie,Pyrah,jpyrahpp@telegraph.co.uk,Female,119.214.194.34,22,2001-12-18
Joscelin,Ferronel,jferronelgy@stanford.edu,Female,207.211.109.240,21,2002-10-15
Josi,Lomansey,jlomansey5r@google.com,Female,248.173.13.198,32,1991-07-04
Jourdain,Selcraig,jselcraigo1@google.de,Male,8.251.223.124,33,1990-01-24
Joy,Easen,jeasen44@booking.com,Female,69.244.213.218,37,1986-02-17
Joyous,Jeffry,jjeffry71@mashable.com,Female,143.183.27.220,30,1993-05-28
Jud,Brayfield,jbrayfield79@sogou.com,Male,1.64.143.221,19,2004-02-21
Judie,Stothert,jstothert2a@squarespace.com,Female,202.206.34.67,19,2004-09-11
Judye,Stockell,jstockell6m@whitehouse.gov,Female,237.237.91.239,29,1994-10-24
Juli,Pischel,jpischel6s@newyorker.com,Female,73.145.69.134,28,1995-03-21
Juliann,Saltman,jsaltman7w@instagram.com,Female,171.150.81.78,30,1993-09-18
Julianna,Troucher,jtroucherob@narod.ru,Female,59.8.202.231,34,1989-01-14
Julie,Buse,jbuseac@dagondesign.com,Female,131.132.59.69,31,1992-03-21
Justina,McPolin,jmcpolinde@baidu.com,Female,215.145.66.243,21,2002-10-24
Justinn,Buckam,jbuckamga@mysql.com,Female,15.65.92.32,30,1993-04-30
Kacy,Billie,kbilliecr@twitter.com,Female,4.15.198.242,37,1986-01-21
Kaitlynn,Berrane,kberraneam@nifty.com,Female,84.140.73.212,26,1997-03-05
Kaitlynn,Killik,kkillikcq@mail.ru,Female,164.163.104.57,29,1994-09-24
Kally,Dearnley,kdearnleycn@rediff.com,Female,182.45.8.141,21,2002-03-03
Kare,Frude,kfrude3f@google.es,Female,36.221.127.224,39,1984-12-10
Karlan,Fouldes,kfouldesla@merriam-webster.com,Male,238.47.62.109,39,1984-03-12
Karlee,Pipet,kpipetfr@uol.com.br,Female,171.182.223.252,30,1993-09-14
Karney,Scobbie,kscobbie7r@independent.co.uk,Male,167.229.240.221,35,1988-10-11
Karol,Rozea,krozeaiv@ucla.edu,Female,45.208.182.88,41,1982-04-24
Karolina,Swyre,kswyrekm@google.co.jp,Female,32.32.113.188,38,1985-01-01
Karoline,Skocroft,kskocroftmp@nba.com,Female,90.168.48.152,42,1981-08-13
Kassia,Rosson,krossonpt@digg.com,Female,239.252.4.176,31,1992-04-11
Katha,Steabler,ksteablerka@issuu.com,Female,214.51.246.198,42,1981-04-12
Katheryn,Road,kroad5g@mail.ru,Female,21.174.109.30,26,1997-08-25
Katheryn,Andrasch,kandrasch6v@taobao.com,Female,193.217.12.179,31,1992-11-14
Katheryn,Dawks,kdawks7n@cbc.ca,Female,205.195.212.93,37,1986-03-14
Katleen,Greep,kgreephr@slate.com,Female,26.171.107.240,39,1984-01-16
Katrinka,Beaby,kbeabya9@loc.gov,Female,227.29.222.39,22,2001-07-04
Katy,Verbeek,kverbeekly@51.la,Female,8.205.199.245,32,1991-03-10
Kay,Calcut,kcalcut1d@cnet.com,Female,25.189.75.55,22,2001-12-05
Keary,Smout,ksmouthm@noaa.gov,Male,194.41.252.58,33,1990-04-29
Keary,Sandiland,ksandilandow@altervista.org,Male,254.83.186.25,21,2002-06-19
Kellen,Prinnett,kprinnettd5@census.gov,Female,177.100.12.195,39,1984-02-16
Kellina,Van Der Weedenburg,kvanderweedenburgc3@homestead.com,Female,89.34.57.153,32,1991-11-03
Kellina,MacIntyre,kmacintyrerp@europa.eu,Female,24.225.143.31,28,1995-01-03
Kelly,Lighton,klightonf@exblog.jp,Female,216.119.132.60,19,2004-05-01
Kelly,Millen,kmillenkz@cam.ac.uk,Male,22.196.186.254,39,1984-07-15
Kelsey,Gofforth,kgofforth82@vimeo.com,Male,199.31.53.92,28,1995-11-17
Kendricks,Louw,klouwfi@apache.org,Male,6.172.41.106,21,2002-05-17
Kennedy,Mussared,kmussaredp2@last.fm,Male,136.219.90.13,36,1987-04-18
Kenny,Furmonger,kfurmongercm@friendfeed.com,Male,58.105.92.216,39,1984-11-07
Ker,Wignall,kwignall3v@discovery.com,Male,155.227.109.182,36,1987-10-30
Keri,Scrase,kscraseo0@mail.ru,Female,102.188.54.75,29,1994-05-21
Kesley,MacCurley,kmaccurley5p@walmart.com,Female,112.180.232.38,20,2003-04-09
Ketty,Airs,kairs9m@sogou.com,Female,4.32.243.118,19,2004-05-30
Killian,Brise,kbrise43@apple.com,Male,230.234.251.196,21,2002-01-14
Kimmy,Cisneros,kcisnerosp4@hubpages.com,Female,86.61.199.212,30,1993-03-02
Kipper,Kas,kkasmb@uiuc.edu,Male,232.191.139.69,33,1990-12-15
Kira,Hoyte,khoytejh@opensource.org,Female,176.82.132.3,20,2003-07-10
Kizzie,Durbridge,kdurbridgedn@friendfeed.com,Female,71.55.178.147,32,1991-06-30
Klara,Symones,ksymoneshi@ox.ac.uk,Female,151.3.44.96,35,1988-04-21
Kliment,Catcheside,kcatcheside1y@yale.edu,Male,82.81.122.169,38,1985-04-25
Kliment,Tezure,ktezurec6@bbb.org,Male,55.223.139.140,21,2002-04-26
Konstanze,Deaton,kdeaton7x@i2i.jp,Female,57.198.126.128,19,2004-12-29
Krishna,MacDunleavy,kmacdunleavy9@amazonaws.com,Male,41.61.234.166,35,1988-01-17
Krissie,Crayke,kcrayke4l@google.co.jp,Female,90.202.139.228,38,1985-07-29
Kristal,McDowall,kmcdowall6t@naver.com,Female,158.40.78.194,41,1982-01-06
Kristel,Knowling,kknowlingc8@bravesites.com,Female,132.160.114.120,19,2004-09-19
Kristi,Scamal,kscamalfd@google.com.hk,Female,25.178.9.9,24,1999-02-13
Kristin,Drane,kdraneo7@ovh.net,Female,165.91.31.38,37,1986-08-10
Krystle,Fisher,kfisherni@lulu.com,Female,73.139.215.22,31,1992-08-25
Lamar,Killford,lkillfordia@house.gov,Male,142.225.76.238,26,1997-02-07
Lamond,Farherty,lfarhertybr@gravatar.com,Male,63.21.183.253,21,2002-05-17
Lancelot,Buttwell,lbuttwelli9@comsenz.com,Male,107.242.25.158,22,2001-08-12
Land,Coase,lcoasekx@examiner.com,Male,158.154.218.28,34,1989-10-26
Lara,Pengilley,lpengilley3d@free.fr,Female,105.144.28.106,41,1982-02-21
Larina,Goodliff,lgoodliffbp@noaa.gov,Female,71.103.235.54,37,1986-08-08
Laurice,Freke,lfreke84@google.cn,Female,128.195.153.242,41,1982-11-18
Laurie,Robillart,lrobillartgu@auda.org.au,Male,150.191.79.44,19,2004-01-07
Lawton,Awcoate,lawcoatekv@shop-pro.jp,Male,202.117.59.133,22,2001-12-03
Layton,Cope,lcopeid@google.co.uk,Male,79.98.185.217,40,1983-09-07
Leela,McCuish,lmccuishli@merriam-webster.com,Female,83.247.47.242,31,1992-08-17
Leeland,Caygill,lcaygillmq@marriott.com,Male,164.238.215.26,39,1984-11-04
Leia,Duerden,lduerdenfn@jalbum.net,Female,42.172.59.38,19,2004-03-25
Lennie,Iseton,liseton6n@oakley.com,Male,84.228.108.27,24,1999-01-17
Lenore,Lowings,llowings88@usnews.com,Female,152.232.133.48,35,1988-11-28
Lenore,Coode,lcoodepr@ameblo.jp,Female,161.29.151.23,36,1987-03-13
Leonanie,Flux,lfluxlg@cisco.com,Female,111.74.137.3,21,2002-02-18
Leonardo,Lagen,llagen33@pbs.org,Male,110.37.197.62,30,1993-08-08
Leroy,Redwall,lredwall20@tripadvisor.com,Male,219.203.31.8,37,1986-12-21
Lesya,Whiff,lwhiffjc@ucsd.edu,Female,41.234.161.59,42,1981-04-11
Lettie,Tutill,ltutilll4@tumblr.com,Female,80.218.35.154,38,1985-06-15
Lew,Calleja,lcalleja68@jugem.jp,Male,200.94.185.80,33,1990-07-23
Lexy,Lenaghen,llenagheng8@state.tx.us,Female,170.61.149.144,19,2004-07-31
Leyla,Klus,lklusln@howstuffworks.com,Female,144.149.124.245,41,1982-04-06
Lia,Henrichsen,lhenrichsenog@arizona.edu,Female,2.66.64.6,36,1987-12-01
Libby,McMyler,lmcmyler7d@arstechnica.com,Female,244.235.188.56,38,1985-08-14
Licha,Gude,lgudeeu@meetup.com,Female,21.106.21.207,36,1987-02-17
Lil,Dallimore,ldallimore64@earthlink.net,Female,127.9.142.185,24,1999-08-27
Lincoln,Legerton,llegertonci@sun.com,Male,59.247.62.182,34,1989-08-04
Lindon,Visco,lviscoak@icq.com,Male,23.15.181.243,37,1986-03-02
Link,Barrowcliff,lbarrowcliffjd@biblegateway.com,Male,178.93.206.158,20,2003-03-13
Linnell,Clough,lcloughdm@list-manage.com,Female,118.245.135.124,25,1998-10-31
Linoel,Sutherby,lsutherbynn@de.vu,Male,91.191.3.185,22,2001-08-03
Lionel,Fancet,lfancetht@foxnews.com,Male,97.192.144.255,31,1992-04-10
Lionello,Klink,lklink75@myspace.com,Male,63.67.140.211,31,1992-05-21
Lisa,Burkitt,lburkittah@washingtonpost.com,Female,206.186.244.85,29,1994-03-24
Lisette,Simounet,lsimounet6y@odnoklassniki.ru,Female,19.255.231.88,24,1999-05-09
Lisha,Ferne,lferne3s@fc2.com,Female,139.254.21.244,39,1984-06-04
Lita,Pollie,lpolliee0@usatoday.com,Female,34.122.6.176,24,1999-11-17
Livy,Pennington,lpenningtonim@histats.com,Female,96.205.220.73,36,1987-05-20
Lolly,Shambrooke,lshambrookee3@nifty.com,Female,12.201.232.9,28,1995-05-17
Lorant,Worrill,lworrillfu@bluehost.com,Male,5.221.29.167,25,1998-07-28
Lorilyn,Probets,lprobetsf0@ed.gov,Female,65.133.93.120,40,1983-06-12
Lorri,Tingly,ltingly7h@imgur.com,Female,117.219.249.247,35,1988-06-17
Lorri,Rising,lrisingoq@statcounter.com,Female,2.83.200.19,41,1982-11-03
Lotti,Tuck,ltucka3@virginia.edu,Female,100.184.182.71,39,1984-10-21
Lotty,Villa,lvillac@dmoz.org,Female,98.103.47.175,38,1985-05-29
Louisa,Radke,lradkeo4@is.gd,Female,85.89.10.244,27,1996-03-10
Loy,Emmet,lemmet29@exblog.jp,Male,27.66.13.173,24,1999-08-06
Loy,O'Cannan,locannanic@epa.gov,Male,252.216.12.179,26,1997-12-18
Loydie,Tremolieres,ltremoliereskc@dyndns.org,Male,24.175.42.173,32,1991-10-17
Lu,Megahey,lmegaheyl@lycos.com,Female,254.112.85.165,20,2003-05-02
Lu,Lismore,llismoreov@cdbaby.com,Female,77.58.152.152,35,1988-06-30
Lucila,Gostage,lgostagez@skyrock.com,Female,157.94.140.131,36,1987-01-03
Lucius,Rapley,lrapleyqd@mapquest.com,Male,37.121.12.189,41,1982-10-08
Ludovika,Rollason,lrollasonp5@icio.us,Female,55.39.79.38,39,1984-04-22
Luisa,Tatlowe,ltatlowe6g@digg.com,Female,8.148.81.163,30,1993-07-01
Lulu,Ewbach,lewbachm@berkeley.edu,Female,210.84.135.202,21,2002-05-24
Lyndell,Sach,lsachi1@gmpg.org,Female,56.16.227.103,24,1999-02-03
Lyndsay,Muckeen,lmuckeenm5@biglobe.ne.jp,Female,109.43.217.75,20,2003-09-13
Lyndsey,Churn,lchurnha@fda.gov,Female,233.101.77.228,35,1988-03-09
Lyssa,Dearnaly,ldearnalyn4@amazon.co.jp,Female,50.196.218.38,30,1993-01-28
Mabel,Stain,mstain4q@wikispaces.com,Female,27.177.121.91,21,2002-01-08
Maddy,Di Giacomo,mdigiacomo3t@pinterest.com,Male,33.106.32.35,31,1992-06-03
Madella,Hollington,mhollingtonby@illinois.edu,Female,139.97.171.59,20,2003-08-03
Madelon,Casoni,mcasonick@lulu.com,Female,227.4.50.155,30,1993-01-12
Madonna,Deakin,mdeakin3l@timesonline.co.uk,Female,198.111.115.123,23,2000-11-19
Maggie,Rigardeau,mrigardeaue8@google.com.hk,Female,135.224.93.227,36,1987-09-02
Maible,Lepick,mlepickju@latimes.com,Female,127.44.228.79,39,1984-08-10
Maible,Ruffell,mruffellqm@nationalgeographic.com,Female,144.200.47.90,40,1983-01-21
Mal,Bratley,mbratleyn3@economist.com,Male,148.211.189.9,41,1982-04-20
Malcolm,Bowe,mbowet@prnewswire.com,Male,91.201.229.56,41,1982-02-12
Malcolm,Crich,mcrich93@time.com,Male,182.131.117.240,39,1984-08-18
Mallorie,Semrad,msemrad2t@theguardian.com,Female,64.155.204.253,38,1985-03-27
Manolo,Balchin,mbalchin31@jigsy.com,Male,67.53.134.225,30,1993-02-07
Manya,Goodanew,mgoodanew6h@github.io,Female,231.225.4.107,41,1982-12-09
Marcy,Loynton,mloyntonm9@seesaa.net,Female,243.52.246.35,36,1987-08-08
Marena,Crosoer,mcrosoerox@patch.com,Female,108.187.237.220,21,2002-06-20
Margarette,Charlewood,mcharlewoodfs@nsw.gov.au,Female,224.194.71.115,33,1990-10-17
Maria,Caller,mcaller98@marketwatch.com,Female,213.106.245.69,29,1994-02-21
Marianna,Yeo,myeoe9@nyu.edu,Female,93.209.252.216,33,1990-05-06
Marigold,Larkin,mlarkinqp@altervista.org,Female,76.81.182.104,39,1984-05-14
Marion,Jimson,mjimsonoo@chicagotribune.com,Female,59.219.249.6,34,1989-05-24
Marlena,Laye,mlayelc@i2i.jp,Female,173.202.213.187,36,1987-06-22
Marlin,Liversedge,mliversedgeku@creativecommons.org,Male,156.198.148.202,30,1993-11-19
Marsh,Gillitt,mgillitt1b@ucoz.ru,Male,92.192.162.173,30,1993-01-02
Maryann,Jirek,mjireklw@nps.gov,Female,181.83.70.24,38,1985-09-02
Masha,Blodgetts,mblodgetts1t@squarespace.com,Female,171.245.40.12,24,1999-07-10
Mason,Bowery,mbowery66@apple.com,Male,25.17.100.29,26,1997-03-08
Mateo,Goring,mgoring8u@miibeian.gov.cn,Male,3.182.11.196,25,1998-05-03
Mathian,Khalid,mkhalidqc@independent.co.uk,Male,39.77.196.255,41,1982-01-11
Mathilde,Aleksashin,maleksashinro@rakuten.co.jp,Female,133.120.6.124,22,2001-01-20
Matthiew,Seiler,mseiler9k@dedecms.com,Male,193.159.9.150,26,1997-06-10
Matthiew,Lean,mleanm8@bbc.co.uk,Male,117.70.204.241,41,1982-06-17
Matti,Farlane,mfarlane8b@moonfruit.com,Female,77.76.25.122,39,1984-08-13
Maurita,Giddings,mgiddingso9@imdb.com,Female,0.77.203.55,42,1981-12-01
Mavis,Hearty,mheartygk@aol.com,Female,45.80.137.180,35,1988-07-02
Maxie,Feedome,mfeedomee2@wsj.com,Female,229.127.110.92,37,1986-01-31
Maxwell,Linnock,mlinnockce@ask.com,Male,56.205.35.189,28,1995-08-11
Meggi,Boolsen,mboolsen1r@google.de,Female,255.132.63.51,23,2000-09-20
Meir,Augustin,maugustinit@vk.com,Male,210.137.2.79,29,1994-12-02
Melamie,Kedslie,mkedslieqo@instagram.com,Female,229.140.152.219,26,1997-12-05
Melantha,Sparey,mspareylr@google.fr,Female,38.15.144.206,35,1988-05-27
Melany,Bardnam,mbardnamk0@who.int,Female,167.216.135.96,31,1992-05-27
Melinda,Janks,mjanks8p@telegraph.co.uk,Female,160.245.213.48,31,1992-10-09
Melisa,Speechly,mspeechlyqx@theatlantic.com,Female,227.172.97.181,31,1992-01-31
Melisandra,Scruton,mscrutoncf@springer.com,Female,209.124.13.110,38,1985-07-26
Melli,De La Salle,mdelasalleg2@alibaba.com,Female,37.132.205.181,39,1984-10-11
Melody,Colwell,mcolwell8w@eventbrite.com,Female,214.53.237.105,21,2002-08-12
Melvyn,Lillow,mlillowir@taobao.com,Male,114.201.108.197,42,1981-09-02
Meredeth,Turfin,mturfin15@deliciousdays.com,Male,42.41.25.147,31,1992-04-15
Meredeth,Oxlade,moxladekr@examiner.com,Male,47.150.204.140,21,2002-07-02
Meris,Penna,mpenna9d@icq.com,Female,130.149.83.243,29,1994-12-09
Merl,Zeale,mzealerg@dot.gov,Female,34.227.229.208,27,1996-05-12
Merrili,Gulliver,mgullivereh@elegantthemes.com,Female,193.10.36.186,40,1983-03-16
Michale,Worboy,mworboyhq@dailymotion.com,Male,236.51.221.40,23,2000-08-08
Michel,Batty,mbattyqe@angelfire.com,Male,61.32.165.226,41,1982-05-19
Michele,Faragan,mfaragani4@ameblo.jp,Female,248.131.34.34,28,1995-03-27
Mickie,Sandham,msandham38@pbs.org,Male,147.106.238.243,37,1986-11-29
Micky,Temlett,mtemlettou@ifeng.com,Male,200.183.240.190,21,2002-04-20
Miguel,Macguire,mmacguirebs@comsenz.com,Male,165.192.109.51,41,1982-12-19
Mikaela,Benardette,mbenardette3h@xing.com,Female,156.219.19.62,39,1984-10-22
Milzie,Burlingame,mburlingame26@bandcamp.com,Female,71.126.52.20,21,2002-05-15
Miner,Botha,mbotha7y@wired.com,Male,207.234.246.185,41,1982-02-21
Mirabella,Tibbotts,mtibbottsqy@house.gov,Female,117.53.212.159,22,2001-03-15
Miranda,Peake,mpeakeax@princeton.edu,Female,148.21.199.213,23,2000-05-25
Missie,Bracknall,mbracknallhe@blogs.com,Female,42.213.48.196,31,1992-05-30
Mitchael,Pellingar,mpellingar5k@unicef.org,Male,134.7.99.10,31,1992-10-10
Mitchell,Harryman,mharrymanav@barnesandnoble.com,Male,92.133.19.208,25,1998-05-05
Mitzi,Dunseith,mdunseithcs@1688.com,Female,87.195.197.179,41,1982-06-01
Moe,Chetwin,mchetwin9n@dailymotion.com,Male,156.110.226.199,22,2001-05-18
Moina,Manuely,mmanuely8e@vkontakte.ru,Female,133.77.99.1,29,1994-09-23
Moise,Witheridge,mwitheridgeoi@paginegialle.it,Male,162.28.24.235,36,1987-07-26
Moises,Jenkins,mjenkinscp@google.com.hk,Male,97.156.199.119,42,1981-08-20
Moll,Wessel,mwessele5@ucoz.com,Female,21.149.136.157,34,1989-09-07
Mollee,Willson,mwillsondy@nature.com,Female,21.40.0.205,19,2004-01-09
Morley,Matiebe,mmatiebeep@cnn.com,Male,75.133.192.210,19,2004-02-23
Muffin,Kittow,mkittowcx@deviantart.com,Female,253.159.242.220,39,1984-10-02
Munroe,Degoey,mdegoey3k@ox.ac.uk,Male,203.199.253.151,42,1981-01-01
Mureil,Benedidick,mbenedidick9o@indiegogo.com,Female,50.26.162.98,30,1993-05-07
Myriam,Bruyett,mbruyettae@ycombinator.com,Female,164.128.51.121,25,1998-09-29
Myrtle,Jozwik,mjozwik4o@prnewswire.com,Female,55.156.210.220,30,1993-07-30
Nadya,Clackson,nclacksonp3@baidu.com,Female,177.241.66.238,30,1993-01-21
Nana,Hosburn,nhosburnm6@desdev.cn,Female,17.101.115.255,23,2000-12-10
Napoleon,Winborn,nwinborncl@apple.com,Male,84.15.145.127,35,1988-04-08
Nata,Wilson,nwilson9r@digg.com,Female,105.167.222.107,32,1991-01-03
Natalie,Goodding,ngoodding2e@plala.or.jp,Female,130.30.236.207,40,1983-03-31
Nathalie,McNuff,nmcnuffgr@pen.io,Female,215.120.68.225,40,1983-01-25
Neal,McClenaghan,nmcclenaghan5b@columbia.edu,Male,1.6.172.106,33,1990-01-31
Neale,Tebbett,ntebbett5y@upenn.edu,Male,225.42.3.71,21,2002-03-08
Neile,Gallyon,ngallyonej@paginegialle.it,Female,181.148.101.231,36,1987-07-14
Neill,Housley,nhousley3y@wordpress.com,Male,149.40.93.24,38,1985-07-22
Nelli,Tomlins,ntomlinsr7@shutterfly.com,Female,87.254.234.39,39,1984-12-13
Nester,Ganley,nganleyw@miibeian.gov.cn,Male,240.147.231.79,25,1998-07-30
Nettle,Castillo,ncastilloqh@ed.gov,Female,45.191.235.88,40,1983-01-14
Nev,Baistow,nbaistownf@dailymail.co.uk,Male,6.81.50.163,20,2003-11-30
Nevil,Volant,nvolantb1@samsung.com,Male,120.198.196.69,20,2003-07-05
Nevins,Bathow,nbathowr1@nymag.com,Male,97.217.100.40,19,2004-10-25
Niall,Pail,npailqf@ning.com,Male,71.10.190.72,39,1984-05-13
Nicholas,Skoate,nskoate3j@slate.com,Male,13.88.56.8,22,2001-09-28
Nicola,Paydon,npaydondg@wunderground.com,Male,145.217.202.240,36,1987-11-08
Nicola,Newburn,nnewburnkd@hibu.com,Male,57.117.95.136,26,1997-03-24
Niel,Cranstone,ncranstoney@tripod.com,Male,106.217.31.43,39,1984-10-04
Nikolaos,Yell,nyell6k@odnoklassniki.ru,Male,18.33.24.163,36,1987-08-01
Nils,Fairburn,nfairburn48@va.gov,Male,44.80.51.188,39,1984-05-30
Nina,Sonnenschein,nsonnenschein32@php.net,Female,227.242.192.137,26,1997-02-18
Nissa,McKmurrie,nmckmurriehl@tmall.com,Female,220.125.41.126,23,2000-06-16
Noami,Mankor,nmankor45@irs.gov,Female,55.62.223.87,34,1989-02-05
Noe,Zanardii,nzanardiiof@cnbc.com,Male,178.230.65.215,22,2001-03-09
Noelle,Marklin,nmarklinnw@flavors.me,Female,158.100.23.220,22,2001-06-09
Nola,Oby,noby4g@jalbum.net,Female,140.129.96.239,38,1985-06-07
Nola,Gligorijevic,ngligorijevicld@spiegel.de,Female,178.10.250.44,30,1993-12-09
Norman,Raselles,nrasellesgx@purevolume.com,Male,131.89.241.226,19,2004-12-23
Norman,Doog,ndoogoc@about.com,Male,93.211.203.7,34,1989-10-26
Odelle,Djorevic,odjorevicqt@booking.com,Female,105.94.243.175,22,2001-02-06
Odille,Bolley,obolley37@issuu.com,Female,83.205.29.119,28,1995-10-13
Odille,Klimke,oklimkehk@free.fr,Female,109.183.234.72,31,1992-04-14
Olag,Seally,oseally17@sciencedaily.com,Male,123.63.71.56,35,1988-02-06
Oliver,Blanko,oblankoq0@geocities.com,Male,199.22.133.138,41,1982-08-16
Olivero,Chrystie,ochrystiejx@webmd.com,Male,47.131.146.74,40,1983-11-03
Olivette,Petch,opetchoe@noaa.gov,Female,177.12.167.237,38,1985-06-19
Olivier,Shireff,oshireffag@shinystat.com,Male,51.139.210.149,28,1995-08-20
Ollie,Saldler,osaldlerip@youku.com,Male,160.173.224.13,35,1988-03-29
Onfroi,Chessell,ochessell99@jigsy.com,Male,47.177.205.110,40,1983-06-01
Oran,Scopham,oscophamgm@time.com,Male,236.215.44.36,40,1983-04-19
Orion,MacIntosh,omacintoshho@auda.org.au,Male,11.183.161.124,40,1983-09-26
Otha,Lorent,olorentis@shareasale.com,Female,251.90.83.228,42,1981-12-21
Othello,Cockarill,ocockarillr8@netscape.com,Male,86.148.217.149,23,2000-06-07
Pall,Flintuff,pflintuffpz@bing.com,Male,120.107.46.201,35,1988-11-10
Paola,Kerin,pkerinb8@pcworld.com,Female,80.128.130.174,42,1981-06-23
Paten,Vallens,pvallensk9@xrea.com,Male,103.109.130.106,21,2002-12-22
Patrizius,Pedwell,ppedwellie@sfgate.com,Male,180.63.87.250,23,2000-07-31
Patton,Cashford,pcashfordik@wp.com,Male,224.64.229.64,24,1999-01-28
Paul,Girkins,pgirkinsec@chronoengine.com,Male,165.234.108.28,32,1991-04-19
Pavlov,Skayman,pskaymanem@ehow.com,Male,136.11.180.85,35,1988-04-05
Paxton,Mungan,pmungan95@mtv.com,Male,167.156.207.140,22,2001-01-19
Pearline,Kubalek,pkubaleken@sciencedaily.com,Female,70.238.175.223,22,2001-09-26
Peggi,Brackpool,pbrackpoolge@bravesites.com,Female,214.235.111.13,28,1995-06-11
Pepe,Dohr,pdohrm7@reddit.com,Male,132.152.37.162,28,1995-11-26
Percy,Ghent,pghentmw@mlb.com,Male,203.121.121.109,25,1998-12-07
Petronella,Alan,palandv@trellian.com,Female,6.223.116.177,23,2000-12-16
Phedra,Lanchberry,planchberryf3@twitter.com,Female,219.232.61.186,41,1982-05-25
Pia,Neild,pneildqq@earthlink.net,Female,2.167.104.32,24,1999-09-29
Pietrek,Bardsley,pbardsleycu@so-net.ne.jp,Male,223.90.178.118,21,2002-03-25
Port,Dongate,pdongate2i@yahoo.com,Male,202.165.13.173,19,2004-06-24
Port,Relton,preltoni2@stumbleupon.com,Male,165.112.128.83,26,1997-09-07
Porter,Arniz,parniz7v@va.gov,Male,35.219.179.21,20,2003-05-20
Poul,Gulk,pgulkdc@eepurl.com,Male,233.197.212.108,35,1988-01-10
Pren,Wegman,pwegmanq8@go.com,Male,56.155.161.118,39,1984-03-16
Prinz,Barnard,pbarnardpl@unicef.org,Male,83.95.26.151,26,1997-12-23
Priscilla,McMickan,pmcmickan5m@eventbrite.com,Female,26.99.41.172,32,1991-12-22
Quill,Bonson,qbonsonnq@cocolog-nifty.com,Male,226.121.73.84,30,1993-05-25
Quillan,Roache,qroacherh@home.pl,Male,193.141.13.42,32,1991-08-01
Quincy,Bambridge,qbambridgek3@ycombinator.com,Male,206.222.47.93,24,1999-02-26
Quinta,Ballston,qballstondh@smugmug.com,Female,117.34.127.225,31,1992-10-06
Rafa,Tink,rtinkeq@instagram.com,Female,184.102.1.82,34,1989-01-04
Raff,Yegorovnin,ryegorovninlb@de.vu,Male,231.198.176.106,37,1986-07-29
Ralina,Avent,ravent5o@nih.gov,Female,116.126.58.255,36,1987-10-30
Randa,McKue,rmckueq4@whitehouse.gov,Female,160.148.77.247,30,1993-08-20
Randal,Clapp,rclappi3@webmd.com,Male,36.125.135.79,36,1987-02-11
Randy,Pech,rpech70@privacy.gov.au,Male,70.67.6.230,26,1997-11-12
Rania,Siberry,rsiberryfe@yahoo.com,Female,0.98.191.32,39,1984-08-25
Ranna,Matschek,rmatschekql@paypal.com,Female,246.89.144.183,25,1998-06-09
Rasla,Fontes,rfontesmx@bbb.org,Female,151.103.191.246,25,1998-08-24
Ray,Carruth,rcarruthb9@umich.edu,Male,248.235.240.202,42,1981-12-18
Raynard,Arkell,rarkelld7@sciencedaily.com,Male,90.142.79.185,31,1992-08-03
Rebbecca,Pilsbury,rpilsbury22@soundcloud.com,Female,246.85.23.22,39,1984-03-03
Reggi,Mesnard,rmesnard4p@rakuten.co.jp,Female,157.133.151.4,25,1998-08-31
Remington,Crumb,rcrumbcc@themeforest.net,Male,181.74.23.117,32,1991-03-02
Renado,Maletratt,rmaletrattq1@phpbb.com,Male,87.58.11.129,30,1993-06-23
Renae,Eskriet,reskriet9p@networkadvertising.org,Female,134.93.52.87,40,1983-10-06
Renard,Macey,rmaceyca@virginia.edu,Male,62.193.241.23,29,1994-09-25
Renato,de Pinna,rdepinna7@phpbb.com,Male,72.112.91.169,31,1992-05-02
Renee,Matthieson,rmatthieson6q@hugedomains.com,Female,68.143.79.163,22,2001-06-30
Rex,MacPhaden,rmacphadenft@sbwire.com,Male,107.194.169.121,31,1992-03-17
Rey,Doogan,rdooganjw@java.com,Female,12.34.145.59,37,1986-05-10
Reynard,Eccleshare,recclesharebe@npr.org,Male,205.220.146.195,30,1993-04-29
Rhetta,Ghidini,rghidinibc@who.int,Female,39.249.6.73,27,1996-05-08
Ricca,Godthaab,rgodthaab5u@europa.eu,Female,200.12.20.76,34,1989-02-13
Riccardo,Trower,rtrower76@edublogs.org,Male,28.148.182.178,35,1988-01-15
Ricky,Andriolli,randriolliay@accuweather.com,Female,117.244.230.64,41,1982-10-09
Ricky,Clay,rclaybg@uiuc.edu,Female,230.74.165.239,38,1985-05-29
Rivy,Laver,rlaverlf@wisc.edu,Female,8.31.47.167,20,2003-05-14
Robby,Vicar,rvicarc4@trellian.com,Male,237.245.35.59,19,2004-06-17
Roberta,Piggford,rpiggfordeo@seattletimes.com,Female,61.90.152.10,42,1981-01-30
Roberta,Robichon,rrobichonlj@dailymotion.com,Female,237.200.128.175,34,1989-04-20
Robinetta,Sherborne,rsherborne97@mozilla.org,Female,251.116.244.82,40,1983-07-31
Roddy,Carletto,rcarletto7u@newyorker.com,Male,110.71.60.4,24,1999-01-03
Rodi,Spensly,rspensly6c@irs.gov,Female,58.157.221.78,33,1990-05-01
Rodrique,Mates,rmatesnj@google.ca,Male,32.238.199.243,19,2004-07-25
Roman,Outhwaite,routhwaited6@dailymail.co.uk,Male,118.82.31.135,24,1999-06-07
Romonda,Doniso,rdoniso9h@state.gov,Female,61.136.184.154,23,2000-03-20
Ronni,Janjusevic,rjanjusevicrk@bizjournals.com,Female,208.23.44.190,32,1991-04-24
Ronny,Riba,rribaaw@php.net,Female,23.193.220.155,20,2003-12-16
Rosco,Everal,reveraljj@php.net,Male,9.201.46.83,32,1991-12-31
Rosemary,Gerholz,rgerholz4w@eepurl.com,Female,61.27.73.54,42,1981-12-20
Rosie,Leng,rlengl5@va.gov,Female,19.246.93.29,29,1994-11-05
Row,Szymanek,rszymanekme@csmonitor.com,Female,88.173.126.105,32,1991-04-28
Roxanne,Peller,rpellerpv@cyberchimps.com,Female,60.150.149.140,36,1987-04-03
Roxi,Latliff,rlatliff49@instagram.com,Female,105.6.226.217,37,1986-06-22
Roy,Brotherton,rbrotherton50@noaa.gov,Male,88.95.138.133,38,1985-12-02
Roy,Gauler,rgaulerjn@blogspot.com,Male,212.10.167.140,36,1987-10-08
Rozele,Wrates,rwratesfj@scientificamerican.com,Female,241.180.54.189,30,1993-04-03
Rubi,Tomlinson,rtomlinsonj6@state.tx.us,Female,50.50.93.60,20,2003-10-04
Rudyard,Gaunter,rgaunterf1@theguardian.com,Male,119.168.195.238,24,1999-11-11
Ruthann,Craister,rcraister36@com.com,Female,183.71.32.117,27,1996-06-28
Ruthe,Brooksbank,rbrooksbankfq@xrea.com,Female,174.142.30.235,20,2003-07-06
Ruthi,Rispine,rrispinep9@sciencedirect.com,Female,33.60.86.41,19,2004-08-30
Ruttger,McRinn,rmcrinnbk@state.tx.us,Male,252.119.140.14,23,2000-03-17
Ruy,Quadling,rquadlingrr@nbcnews.com,Male,31.7.155.128,26,1997-03-24
Ryan,Purshouse,rpurshousea4@over-blog.com,Male,49.170.54.5,21,2002-05-03
Rycca,Higounet,rhigounetn2@time.com,Female,6.183.134.144,32,1991-11-15
Sabrina,Tieman,stiemans@macromedia.com,Female,225.161.213.27,33,1990-10-06
Sada,Tebbe,stebbee@washingtonpost.com,Female,88.113.244.26,24,1999-03-31
Sadye,Le Marquand,slemarquand16@1688.com,Female,71.197.52.235,40,1983-05-24
Sandie,Ansett,sansettil@example.com,Female,92.252.142.185,21,2002-02-07
Sandra,Druery,sdrueryaz@hatena.ne.jp,Female,170.120.5.143,36,1987-03-04
Sascha,Gillinghams,sgillinghamsnl@msn.com,Male,22.60.172.31,42,1981-05-20
Sauncho,Colqueran,scolquerangs@squarespace.com,Male,93.160.218.194,31,1992-06-02
Saunderson,Revie,srevie2x@technorati.com,Male,110.86.115.129,41,1982-05-12
Saxe,Saterthwait,ssaterthwaitb0@myspace.com,Male,9.135.14.176,24,1999-01-25
Sebastiano,McCready,smccreadyiq@comcast.net,Male,61.46.139.208,42,1981-04-09
Seline,Nealey,snealey51@usgs.gov,Female,97.184.89.11,23,2000-05-31
Shae,Geldart,sgeldartbi@google.it,Male,147.180.57.70,25,1998-01-18
Shalna,Dine-Hart,sdinehartek@e-recht24.de,Female,101.199.150.61,40,1983-06-17
Shani,Woolger,swoolgeror@noaa.gov,Female,184.148.19.145,23,2000-06-27
Shanie,Wyne,swynebu@yahoo.co.jp,Female,106.228.229.130,36,1987-02-24
Shannan,Farland,sfarlandno@issuu.com,Male,188.252.91.172,37,1986-03-24
Shayne,Tremellan,stremellan3g@nsw.gov.au,Female,224.13.40.102,37,1986-02-25
Shea,Gully,sgullylv@cargocollective.com,Male,218.227.103.241,29,1994-04-11
Sheelagh,Southway,ssouthway1p@harvard.edu,Female,225.27.24.221,26,1997-02-26
Sheena,Vickress,svickressnd@google.com.au,Female,130.250.41.15,39,1984-04-19
Sheffie,Malia,smaliagw@uol.com.br,Male,202.99.3.166,36,1987-05-14
Shelley,Powter,spowter7p@apple.com,Female,120.230.183.91,34,1989-06-12
Shena,Emanueli,semanueli91@slate.com,Female,142.160.20.93,20,2003-12-07
Sheppard,Tebbit,stebbitbt@microsoft.com,Male,234.0.82.37,34,1989-05-15
Sheree,Cussen,scussenbq@alibaba.com,Female,209.44.231.245,31,1992-10-31
Sherman,Marfell,smarfell3m@epa.gov,Male,254.27.121.183,31,1992-08-17
Shermie,Blincowe,sblincowebv@issuu.com,Male,139.78.53.18,42,1981-08-03
Shirlene,Shellibeer,sshellibeer61@cnbc.com,Female,126.52.218.233,38,1985-10-16
Shoshana,Iannazzi,siannazzihu@harvard.edu,Female,194.177.222.243,27,1996-03-16
Sibilla,Yair,syair8o@businessinsider.com,Female,222.134.75.74,19,2004-10-26
Sidoney,Jerrim,sjerrimq2@economist.com,Female,160.66.164.129,39,1984-12-25
Sigismond,Beeching,sbeeching5x@state.gov,Male,117.20.242.159,26,1997-03-03
Sigrid,Pockett,spockettjz@gizmodo.com,Female,29.215.19.98,34,1989-10-02
Sigvard,Sutherley,ssutherley55@friendfeed.com,Male,233.43.119.245,21,2002-11-22
Silvain,Hubner,shubneri8@fda.gov,Male,111.33.91.210,20,2003-06-19
Simone,Le Galle,slegalle18@lulu.com,Female,102.252.171.248,22,2001-07-04
Simone,Presidey,spresidey8v@cloudflare.com,Female,100.72.125.92,19,2004-02-03
Sindee,Bedberry,sbedberry9a@lulu.com,Female,250.133.232.80,38,1985-06-23
Sisely,Dautry,sdautryq6@chicagotribune.com,Female,209.31.225.179,19,2004-08-20
Siward,Saladino,ssaladinog7@sitemeter.com,Male,17.86.107.246,38,1985-04-18
Skipper,Rizzetti,srizzetti7c@instagram.com,Male,66.194.202.58,31,1992-11-25
Sonnnie,Tiley,stileyet@hexun.com,Female,45.134.67.139,36,1987-01-25
Sonny,Shanks,sshanksj2@domainmarket.com,Male,165.46.33.161,32,1991-12-22
Sophia,Hanmer,shanmer57@ning.com,Female,119.74.186.129,25,1998-05-24
Sorcha,Maseres,smaseresot@hhs.gov,Female,235.193.203.219,27,1996-11-16
Spense,Karys,skarys3i@comsenz.com,Male,96.21.7.162,25,1998-07-25
Staffard,Costy,scosty65@cdbaby.com,Male,185.198.34.214,27,1996-08-07
Stanleigh,Waterson,swaterson9g@auda.org.au,Male,72.206.109.84,37,1986-10-04
Stanleigh,Galland,sgallandb6@hud.gov,Male,27.136.8.206,39,1984-06-15
Stavros,McGibbon,smcgibbonnk@timesonline.co.uk,Male,209.42.231.212,20,2003-11-12
Stearne,Burnyeat,sburnyeat7m@va.gov,Male,169.225.110.245,20,2003-07-09
Stefan,Kanwell,skanwell28@hatena.ne.jp,Male,169.103.230.253,20,2003-06-20
Stefania,Lavallie,slavallie5w@unicef.org,Female,117.215.122.41,40,1983-05-08
Stefania,Mathieson,smathiesonkb@ucsd.edu,Female,144.10.177.74,40,1983-12-27
Steffen,Trodd,stroddd2@irs.gov,Male,120.25.244.116,29,1994-01-21
Stephana,Pighills,spighillsn0@prweb.com,Female,13.137.121.62,22,2001-01-22
Suellen,Robison,srobison52@guardian.co.uk,Female,189.185.116.106,39,1984-03-25
Sunny,Gerardet,sgerardetpb@illinois.edu,Female,19.249.36.63,34,1989-04-29
Susannah,Coupman,scoupmanc9@storify.com,Female,210.22.238.60,25,1998-03-13
Susie,Ellcock,sellcockdz@amazonaws.com,Female,180.240.38.76,29,1994-08-19
Sybyl,Elwill,selwillf6@woothemes.com,Female,127.68.184.40,24,1999-04-13
Sydel,Carvil,scarvilfx@tiny.cc,Female,18.54.91.248,32,1991-10-28
Tab,Boord,tboord5z@example.com,Male,161.38.160.42,35,1988-04-12
Tabatha,Brocking,tbrockinga1@mapy.cz,Female,213.215.61.244,34,1989-12-25
Taffy,Geaney,tgeaney60@amazon.co.uk,Female,3.112.115.223,24,1999-08-01
Talbert,Skittrell,tskittrell5@webeden.co.uk,Male,69.127.9.53,28,1995-08-27
Talia,Larrad,tlarrad11@canalblog.com,Female,7.220.77.64,38,1985-06-23
Tandie,Huonic,thuonic40@yahoo.co.jp,Female,116.242.141.49,31,1992-07-28
Tarrah,Quoit,tquoitlp@typepad.com,Female,137.52.13.217,28,1995-08-11
Tarrance,Murty,tmurtydk@ameblo.jp,Male,210.67.111.179,25,1998-12-30
Tawsha,Sotworth,tsotworthq7@php.net,Female,231.229.178.69,38,1985-05-15
Templeton,Deschlein,tdeschlein2r@nps.gov,Male,96.186.6.145,38,1985-02-21
Teodoor,Mc Caghan,tmccaghannc@netlog.com,Male,50.241.108.75,23,2000-08-19
Tera,Dinsey,tdinsey7a@xing.com,Female,46.249.158.216,23,2000-10-22
Teresina,Mallam,tmallama2@msn.com,Female,31.135.145.53,20,2003-03-14
Teressa,Graser,tgraserei@usda.gov,Female,44.23.160.69,27,1996-01-02
Terrell,Beumant,tbeumantii@google.ca,Male,161.159.133.164,29,1994-11-19
Terrence,Luggar,tluggaraq@symantec.com,Male,144.15.254.129,31,1992-11-21
Terry,Andrivel,tandrivellu@pinterest.com,Male,56.12.218.191,40,1983-04-24
Terrye,Lowde,tlowdepk@storify.com,Female,86.53.114.207,37,1986-09-11
Thadeus,Jepperson,tjeppersondu@ibm.com,Male,220.164.187.127,35,1988-02-13
Thane,Brewer,tbrewerib@timesonline.co.uk,Male,128.45.111.3,35,1988-01-06
Theobald,Spraberry,tspraberryon@miitbeian.gov.cn,Male,24.192.57.183,24,1999-11-20
Thia,Shapero,tshaperoo5@posterous.com,Female,74.217.19.239,26,1997-09-24
Tiffany,Terbeck,tterbeckkk@patch.com,Female,251.227.117.233,19,2004-05-12
Tilda,Pech,tpech3r@e-recht24.de,Female,237.30.21.46,37,1986-10-14
Tildi,Woolis,twoolisbb@intel.com,Female,108.5.131.129,30,1993-10-14
Timotheus,Lethebridge,tlethebridgejt@census.gov,Male,143.236.196.23,29,1994-08-16
Tiphany,Lethieulier,tlethieulierfo@flavors.me,Female,210.19.61.154,20,2003-04-10
Tito,Satchel,tsatchel8q@webnode.com,Male,166.19.5.254,41,1982-04-26
Tobiah,Pollak,tpollakn9@hexun.com,Male,50.101.99.157,30,1993-08-03
Tobie,Totman,ttotmani6@dailymotion.com,Male,219.93.227.196,36,1987-08-03
Todd,Sarney,tsarneyh@so-net.ne.jp,Male,198.199.176.97,23,2000-05-25
Tomlin,Spellman,tspellmanhx@flickr.com,Male,227.230.75.38,37,1986-06-24
Tony,Cayzer,tcayzerb5@purevolume.com,Male,19.22.220.207,27,1996-05-26
Torey,Nolleth,tnolleth2l@yahoo.com,Female,97.6.27.42,39,1984-08-26
Traci,Lahiff,tlahiffco@chicagotribune.com,Female,155.37.24.36,23,2000-10-03
Trenton,Challoner,tchallonerri@sohu.com,Male,132.250.208.87,40,1983-12-27
Tressa,Galley,tgalleyoy@networkadvertising.org,Female,251.93.4.87,19,2004-07-27
Trevor,Plover,tploverdq@netvibes.com,Male,195.239.245.195,39,1984-09-12
Truda,Rabbet,trabbet7q@eepurl.com,Female,152.146.176.138,29,1994-06-25
Trude,Knock,tknockai@ihg.com,Female,15.136.4.83,32,1991-08-21
Trumaine,Verdie,tverdie2y@indiegogo.com,Male,86.17.249.200,37,1986-07-31
Trumann,Kernes,tkernesv@ocn.ne.jp,Male,48.29.203.142,36,1987-09-10
Turner,Benadette,tbenadette58@icio.us,Male,10.112.121.128,40,1983-07-14
Turner,Domaschke,tdomaschke8f@altervista.org,Male,249.1.254.114,33,1990-07-26
Tye,Irnis,tirnis1@usatoday.com,Male,84.146.0.7,33,1990-07-09
Upton,Othick,uothickrq@youku.com,Male,29.62.88.225,26,1997-08-26
Ursa,Inseal,uinsealmc@marketwatch.com,Female,135.247.218.8,34,1989-02-23
Vail,Pooly,vpoolypo@geocities.jp,Male,111.134.175.63,37,1986-05-23
Valaree,Geldeford,vgeldefordne@ucsd.edu,Female,132.209.122.65,37,1986-08-25
Valdemar,Spellecy,vspellecy7f@ucoz.com,Male,102.249.95.3,21,2002-10-18
Vanna,Bennison,vbennisond9@comsenz.com,Female,132.244.153.54,22,2001-05-08
Vanny,Van der Linde,vvanderlindell@squidoo.com,Female,25.44.114.25,29,1994-03-06
Vanya,Cleve,vcleveo3@reverbnation.com,Male,35.248.162.145,32,1991-06-29
Vasilis,Marten,vmartengn@skype.com,Male,56.33.204.105,20,2003-12-20
Vasily,Gounard,vgounarded@technorati.com,Male,245.157.56.30,34,1989-08-08
Vassily,Gallehock,vgallehockjb@shinystat.com,Male,87.21.143.155,30,1993-01-24
Venita,Pidgeley,vpidgeleyqw@soundcloud.com,Female,8.253.62.122,25,1998-08-03
Venus,Lepard,vlepard86@webnode.com,Female,157.239.55.255,39,1984-12-20
Vernice,Anstis,vanstis1e@soundcloud.com,Female,29.14.226.83,25,1998-04-29
Victoria,Spittal,vspittal7e@walmart.com,Female,201.135.51.131,32,1991-04-10
Victoria,Chifney,vchifneyc2@topsy.com,Female,30.121.176.181,19,2004-07-31
Vidovic,Cowthard,vcowthardlz@state.gov,Male,41.113.241.134,32,1991-04-02
Vilhelmina,Rawkesby,vrawkesbyba@yellowpages.com,Female,71.113.180.201,23,2000-06-03
Virgilio,Larderot,vlarderotc1@webs.com,Male,26.15.36.167,30,1993-02-04
Waiter,Kob,wkob80@prnewswire.com,Male,124.72.228.144,20,2003-08-19
Walden,Garthshore,wgarthshore1z@godaddy.com,Male,179.100.93.85,36,1987-12-16
Wandie,Agius,wagius89@nationalgeographic.com,Female,9.5.101.10,22,2001-02-02
Ware,Kondrachenko,wkondrachenkohp@smh.com.au,Male,232.32.73.107,37,1986-04-28
Waverly,Lambshine,wlambshine73@utexas.edu,Male,245.181.37.17,20,2003-05-28
Waverly,Phorsby,wphorsbynh@feedburner.com,Male,146.246.94.116,26,1997-06-20
Wells,Jerrim,wjerrimoj@goo.gl,Male,41.219.158.93,34,1989-02-07
Wenda,Jeacocke,wjeacockegi@reverbnation.com,Female,148.209.239.16,24,1999-08-15
Wendall,Llewellin,wllewellinpa@loc.gov,Male,218.253.102.5,25,1998-12-20
Wiatt,Penrose,wpenrose8n@over-blog.com,Male,229.168.235.71,41,1982-07-13
Wildon,Renzullo,wrenzullocj@123-reg.co.uk,Male,77.18.60.130,24,1999-05-24
Wildon,Talloe,wtalloeps@dailymotion.com,Male,159.97.47.212,42,1981-10-15
Wilhelmina,Cupper,wcupper6p@fema.gov,Female,109.225.130.140,30,1993-02-20
Wilhelmine,Flather,wflather8k@miibeian.gov.cn,Female,235.160.118.85,20,2003-09-18
Willem,Praton,wpratong3@time.com,Male,192.167.120.116,23,2000-11-22
Willey,Eseler,weselere6@skype.com,Male,78.39.138.150,19,2004-10-01
Win,Pippard,wpippard6f@bandcamp.com,Male,241.82.100.46,37,1986-12-25
Win,Grassot,wgrassoth1@naver.com,Male,127.152.67.188,21,2002-07-29
Windham,Ethington,wethington4h@vkontakte.ru,Male,40.92.76.98,40,1983-12-22
Winfield,O' Brian,wobrianbw@elegantthemes.com,Male,166.108.0.155,28,1995-07-13
Winifield,Scholar,wscholarij@1688.com,Male,170.14.171.75,22,2001-09-28
Winn,Le Grice,wlegrice1k@home.pl,Male,32.173.24.32,41,1982-05-05
Winny,Proctor,wproctor4s@ftc.gov,Female,180.33.10.250,34,1989-09-15
Winona,Jennings,wjennings1j@discovery.com,Female,243.127.212.44,21,2002-01-02
Winston,Brimfield,wbrimfield6j@macromedia.com,Male,148.197.72.6,37,1986-11-10
Wolfy,Aitken,waitkenol@eventbrite.com,Male,70.167.197.218,30,1993-10-21
Wren,Pawson,wpawson9z@usgs.gov,Female,169.98.28.109,42,1981-10-28
Wyatan,Cremin,wcremina8@ebay.co.uk,Male,226.79.141.89,21,2002-07-31
Wye,Tregale,wtregale6i@list-manage.com,Male,213.146.185.182,33,1990-12-13
Wylie,Hurton,whurton4r@seesaa.net,Male,0.174.119.135,22,2001-09-08
Xenia,Minister,xministerr9@list-manage.com,Female,73.168.186.221,41,1982-04-06
Xymenes,Dosdale,xdosdalehw@t.co,Male,53.106.39.237,23,2000-02-26
Yolane,Eldridge,yeldridge3b@delicious.com,Female,195.17.244.25,22,2001-08-24
Yolane,Eacle,yeacleom@gmpg.org,Female,220.26.209.5,27,1996-06-17
Yolanthe,Twentyman,ytwentymanf9@prlog.org,Female,16.245.176.2,25,1998-07-21
Yorke,Brade,ybradej1@plala.or.jp,Male,235.238.137.228,25,1998-09-05
Ysabel,Spurdens,yspurdensl9@state.tx.us,Female,80.188.137.82,20,2003-06-07
Yurik,Littrik,ylittrika5@myspace.com,Male,66.138.63.56,23,2000-05-02
Zacharia,Penrice,zpenriceo6@elegantthemes.com,Male,110.99.220.224,39,1984-07-02
Zachariah,Hawgood,zhawgood1h@ovh.net,Male,145.51.203.206,19,2004-10-23
Zara,Plewright,zplewrighte1@hugedomains.com,Female,217.168.90.205,22,2001-08-11
Zeke,Jasper,zjasperbz@dion.ne.jp,Male,195.244.77.97,34,1989-07-08
Zsa zsa,Abbys,zabbys9c@furl.net,Female,197.62.63.29,39,1984-09-28
